batch_id,profile_id,method,n_runs,success_rate,raw_json_valid_rate,parse_repaired_rate,parse_success_rate,strict_llm_valid_rate,curated_series_valid_rate,mean_llm_profile_compliance_score,std_llm_profile_compliance_score,mean_llm_formal_validity_score,mean_llm_temporal_profile_score,mean_final_profile_compliance_score,mean_final_formal_validity_score,mean_final_temporal_profile_score,length_curation_rate,mean_completed_points,mean_truncated_points,mean_curation_intensity,mean_curation_change_rate,mean_llm_length_score,mean_llm_numeric_validity_score,mean_llm_range_score,mean_llm_trend_score,mean_llm_seasonality_score,mean_llm_anomaly_score,mean_llm_noise_score,mean_final_length_score,mean_final_range_score,mean_final_trend_score,mean_final_seasonality_score,mean_final_anomaly_score,mean_final_noise_score,legacy_valid_series_rate,legacy_structural_valid_rate,legacy_temporal_valid_rate,legacy_final_recomputed_rate,mean_slope,std_slope,weekly_seasonality_rate,no_strong_trend_rate,mean_weekly_autocorrelation,anomaly_count_rate,mean_anomaly_count,mean_value,mean_std,mean_time_seconds,std_time_seconds
method_comparison_llama1b_30runs,P1_20,canonical_few_shot,30,1.0,0.0,1.0,1.0,0.0,0.0,0.07500264028726308,0.0,0.85,0.08823840033795657,0.10571428571428546,1.0,0.10571428571428546,0.0,0.0,0.0,0.0,0.0,1.0,1.0,0.25,0.3529536013518263,0.0,0.0,0.0,1.0,1.0,0.4228571428571418,0.0,0.0,0.0,0.0,1.0,0.0,0.0,-9.112781954887232,0.0,0.0,0.0,-0.2759784645971711,0.0,,282.0,417.90668814940017,101.20883678595224,70.80540089403762
method_comparison_llama1b_30runs,P1_20,chatts_attribute_prompting,30,1.0,1.0,0.0,1.0,0.0,0.0,0.6436212214052287,0.023342790792362816,0.8583333333333333,0.7498672385620915,0.5154239417989418,1.0,0.5154239417989418,1.0,14.166666666666666,0.0,14.166666666666666,0.7083333333333334,0.2916666666666667,1.0,1.0,0.0,0.999468954248366,1.0,1.0,1.0,1.0,0.0,0.06169576719576721,1.0,1.0,0.0,1.0,0.0,0.0,0.7278947368421044,1.0275783995928973,0.0,0.0,0.06471035749359827,0.0,,112.125,5.590280088096246,25.976854300498964,27.025114906546634
method_comparison_llama1b_30runs,P1_20,cllm_generate_curate,30,0.8333333333333334,0.5666666666666667,0.26666666666666666,0.8333333333333334,0.0,0.0,0.5645833333333333,0.1658339470328851,0.7416666666666667,0.7916666666666666,0.4423414935679055,0.8666666666666667,0.5756748269012388,0.8333333333333334,12.5,0.0,12.5,0.625,0.20833333333333334,0.8333333333333334,0.8333333333333334,0.16666666666666666,1.0,1.0,1.0,0.8333333333333334,0.8333333333333334,0.16666666666666666,0.16936597427162195,0.9666666666666667,1.0,0.1,0.8333333333333334,0.1,0.1,0.3855187969924797,0.09739352885558261,0.0,0.1,2.0569662070871665e-15,0.0,,111.5382,3.449358035560847,14.81838850180308,13.832738984295347
method_comparison_llama1b_30runs,P1_20,constraint_guided,30,1.0,0.0,1.0,1.0,0.0,0.0,0.08833887570334409,0.03888190265332815,0.845,0.10541977466621874,0.12188700918964052,1.0,0.12188700918964052,0.0,0.0,0.0,0.0,0.0,1.0,1.0,0.225,0.3867469406837152,0.034932157981159784,0.0,0.0,1.0,1.0,0.45246031746031645,0.03508771929824561,0.0,0.0,0.0,1.0,0.0,0.0,-8.645363408521318,1.1860979125251976,0.0,0.0,-0.2987298449099843,0.0,,289.3833333333333,423.6374257194745,76.54526355266572,35.43117035682379
method_comparison_llama1b_30runs,P1_20,epic_grouped_attribute_few_shot,30,1.0,0.0,1.0,1.0,0.0,0.0,0.66572225456846,0.06005445671753857,0.898,0.7419845654572826,0.5799610456493158,1.0,0.5799610456493158,0.7333333333333333,10.2,0.0,10.2,0.51,0.49,1.0,1.0,0.266296809986126,0.7016414518430045,1.0,1.0,1.0,1.0,0.266296809986126,0.05354737261113735,1.0,1.0,0.26666666666666666,1.0,0.26666666666666666,0.26666666666666666,0.4564268170426053,0.6663429423562945,0.0,0.26666666666666666,-0.02792421963545732,0.0,,112.38471666666666,4.011933528376442,13.854376626014709,14.877853642492196
method_comparison_llama1b_30runs,P1_20,harmonic_knn,30,1.0,0.6,0.4,1.0,0.0,0.0,0.6094654021243333,0.09840333685023246,0.9106666666666666,0.6692576056640913,0.44718887994214085,1.0,0.44718887994214085,0.9666666666666667,8.933333333333334,0.0,8.933333333333334,0.44666666666666666,0.5533333333333333,1.0,1.0,0.24519361061750125,0.6326056799067502,1.0,0.7992311321321136,1.0,1.0,0.2906478006716241,0.06477438576360584,0.43333333333333335,1.0,0.4,1.0,0.4,0.4,-0.21103107769423693,0.41229073857742277,0.0,0.4,0.1042352316775126,0.0,,111.02573333333333,5.393603935553661,14.836151742935181,18.245461343074275
method_comparison_llama1b_30runs,P1_20,prompt_only,30,1.0,1.0,0.0,1.0,0.0,0.0,0.6734691707717568,0.04247918230828501,0.8979588943623427,0.75,0.683843103970272,1.0,0.683843103970272,0.3,0.0,1.7333333333333334,1.7333333333333334,0.08666666666666667,0.9133333333333333,1.0,0.5764611384783799,0.0,1.0,1.0,1.0,1.0,1.0,0.0,0.7717431077694233,1.0,0.9636293081116651,0.0,1.0,0.0,0.0,26.246867167919792,2.3765035147681393,0.0,0.0,0.7606710150499063,0.0,,844.45,164.77330482074206,89.39754761854807,46.88891728943917
method_comparison_llama1b_30runs,P1_20,random_few_shot,30,1.0,1.0,0.0,1.0,0.0,0.0,0.5920927903273282,0.08520859552421185,0.877,0.6734043750894131,0.379168502488433,1.0,0.379168502488433,1.0,12.3,0.0,12.3,0.615,0.385,1.0,1.0,0.12415995310454393,0.8666666666666667,1.0,0.7027908805864415,1.0,1.0,0.22573630308987822,0.057604373530520475,0.23333333333333334,1.0,0.2,1.0,0.2,0.2,-0.3224458646616551,0.37653472884605244,0.0,0.2,0.08562952776519744,0.0,,111.58898333333333,6.599789485650204,8.675850224494933,5.00198659786363
method_comparison_llama1b_30runs,P1_20,tabgen_icl_residual,30,1.0,0.5,0.5,1.0,0.0,0.0,0.6046254922934886,0.10920902100243819,0.9333333333333333,0.6478636974504767,0.49721853566650254,1.0,0.49721853566650254,0.7,6.666666666666667,0.0,6.666666666666667,0.3333333333333333,0.6666666666666666,1.0,1.0,0.2600292236556779,0.5666666666666667,0.9333333333333333,0.8314255661462285,1.0,1.0,0.28913616307706996,0.15835461901527614,0.55,0.9913833605736642,0.4,1.0,0.4,0.4,-0.034506766917294665,0.5710027251385524,0.0,0.4,0.17744445791084634,0.0,,109.11666666666666,5.295312011741413,18.65092937151591,22.819311220938605
method_comparison_llama1b_30runs,P1_20,validator_feedback_refinement,30,1.0,1.0,0.0,1.0,0.0,0.0,0.6375,0.0,0.85,0.75,0.4914062270759143,1.0,0.4914062270759143,1.0,15.0,0.0,15.0,0.75,0.25,1.0,1.0,0.0,1.0,1.0,1.0,1.0,1.0,0.015164835164835558,0.00046007313882168166,0.95,1.0,0.06666666666666667,1.0,0.06666666666666667,0.06666666666666667,0.41988220551378314,0.0836085461795883,0.0,0.06666666666666667,8.172714984069569e-16,0.0,,112.949,3.842746076616963,23.77970871925354,21.42697389427244
method_comparison_llama1b_30runs,P1_20,value_only_controlled_scale,30,1.0,0.0,1.0,1.0,0.0,0.0,0.6705314029791655,0.05848829128535181,0.966,0.6941152089211702,0.4130762832053793,1.0,0.4130762832053793,1.0,3.4,0.0,3.4,0.16999999999999998,0.83,1.0,1.0,0.5711641321510279,0.2052967035336528,1.0,1.0,1.0,1.0,0.0662015246833612,0.1361036081381561,0.45,1.0,0.26666666666666666,1.0,0.26666666666666666,0.26666666666666666,0.24461654135338187,0.636614542129184,0.0,0.26666666666666666,-0.15584737262770593,0.0,,102.204,5.689655860629032,17.20928406715393,9.64248122831619
method_comparison_llama1b_30runs,P2_28,canonical_few_shot,30,0.9333333333333333,0.1,0.9,1.0,0.0,0.0,0.4938733750736176,0.14619485972996704,0.7433333333333334,0.6551856382309892,0.595298309310953,0.9333333333333333,0.6286316426442863,0.9333333333333333,7.7,0.0,7.7,0.275,0.6583333333333333,0.9333333333333333,0.25833333333333336,0.9359257455214591,0.6848168074024972,1.0,1.1842378929335003e-16,0.9333333333333333,0.9333333333333333,0.7752190476190471,0.7059741896247644,1.0,0.03333333333333333,0.0,0.9333333333333333,0.0,0.0,-5.20534573982849,1.2762928017387798,0.0,0.0,-0.16108257111128857,0.0,,264.8741496598639,353.87928947326884,26.721065584818522,37.01990003943703
method_comparison_llama1b_30runs,P2_28,chatts_attribute_prompting,30,1.0,1.0,0.0,1.0,0.0,0.0,0.40926347953653636,0.10175261321768175,0.860952380952381,0.4724639536537452,0.5491342531204269,1.0,0.5491342531204269,1.0,19.466666666666665,0.0,19.466666666666665,0.6952380952380952,0.3047619047619048,1.0,1.0,0.08963532651394691,0.13180177499284318,0.9,0.7684187131081909,1.0,1.0,0.1377867959081033,0.43526027086545643,0.8,0.8234899457081479,0.0,1.0,0.0,0.0,0.2750644651219366,0.25899734631671834,0.0,0.8666666666666667,0.03228176113167377,0.0,,127.56055555555555,4.550786939285676,28.69150382677714,25.289569936051475
method_comparison_llama1b_30runs,P2_28,cllm_generate_curate,30,0.8333333333333334,0.43333333333333335,0.4,0.8333333333333334,0.0,0.0,0.30937875199958004,0.10510465075683485,0.7338095238095239,0.43150744784481776,0.4649305048680294,0.8666666666666667,0.5315971715346961,0.8333333333333334,18.6,0.0,18.6,0.6642857142857143,0.16904761904761906,0.8333333333333334,0.8333333333333334,0.16666666666666666,0.00255468975468975,1.0,0.5568084349579147,0.8333333333333334,0.8333333333333334,0.21513958730346122,0.3336074859264917,0.9666666666666667,0.6109749462421648,0.03333333333333333,0.8333333333333334,0.03333333333333333,0.03333333333333333,0.24632475825579273,0.17210162695887504,0.03333333333333333,0.8,0.04649825400146948,0.0,,113.08804761904761,3.6297329463197014,13.281358464558918,12.666309990968086
method_comparison_llama1b_30runs,P2_28,constraint_guided,30,1.0,0.5333333333333333,0.4666666666666667,1.0,0.0,0.0,0.24201616725527478,0.11509559161630031,0.8828571428571429,0.27733618843431246,0.3198370376059537,0.9700000000000001,0.3273370376059538,0.6,2.033333333333333,0.5666666666666667,2.6,0.09285714285714285,0.9071428571428571,1.0,0.6571428571428571,0.30253007517092695,0.12822323983682893,0.6666666666666666,0.011924772062827186,1.0,1.0,0.31047619047619024,0.19053228753388124,0.6333333333333333,0.17500633908041013,0.0,0.7,0.0,0.0,2.122240467068059,7.061848603992369,0.4,0.0,0.2890259503737239,0.0,,250.96428571428572,225.59331268291663,109.14042485555014,107.67541246410526
method_comparison_llama1b_30runs,P2_28,epic_grouped_attribute_few_shot,30,1.0,0.4,0.6,1.0,0.23333333333333334,0.36666666666666664,0.5753865396591152,0.2885512735991875,0.8992857142857142,0.6197763523303815,0.6972764347245082,1.0,0.6972764347245082,0.7666666666666667,14.1,0.0,14.1,0.5035714285714286,0.4964285714285715,1.0,1.0,0.31077771157868445,0.36777507689037464,1.0,0.800552620852467,1.0,1.0,0.3084990768221692,0.5996719816177144,1.0,0.8809346804581492,0.3,1.0,0.3,0.3,0.11462236209937429,0.30448528678168907,0.36666666666666664,0.9,0.3685160085062813,0.0,,108.42415476190476,9.226486377186793,28.897530706723533,28.355130475974402
method_comparison_llama1b_30runs,P2_28,harmonic_knn,30,1.0,0.9,0.1,1.0,0.0,0.13333333333333333,0.4769172151538545,0.18732061330785654,0.8623809523809524,0.5467390943787139,0.6525647605152637,1.0,0.6525647605152637,0.9666666666666667,19.166666666666668,0.0,19.166666666666668,0.6845238095238095,0.3154761904761905,1.0,0.9964285714285714,0.12930096413099534,0.16420585996015227,0.9833333333333333,0.9101162200903747,1.0,1.0,0.4944987443136089,0.5989740508077968,0.55,0.9667862469396492,0.0,1.0,0.0,0.0,-0.021494441403636374,0.889505849477321,0.13333333333333333,0.7666666666666667,0.12705637388821192,0.0,,114.44798968253968,12.001034879286467,11.40915048122406,8.00382965407523
method_comparison_llama1b_30runs,P2_28,prompt_only,30,1.0,0.9666666666666667,0.03333333333333333,1.0,0.0,0.06666666666666667,0.2752946366814736,0.15216867889234625,0.894047619047619,0.30407771960737956,0.5476749809364756,1.0,0.5476749809364756,0.9666666666666667,14.133333333333333,0.0,14.133333333333333,0.5047619047619047,0.49523809523809526,1.0,0.975,0.06972606870317546,0.05187611715347485,1.0,0.09470869257286806,1.0,1.0,0.5688095238095254,0.5218903999363769,0.13333333333333333,0.9666666666666667,0.0,1.0,0.0,0.0,3.7230128322082408,2.1701533861999387,0.06666666666666667,0.06666666666666667,-0.20237398587058478,0.0,,664.0198412698412,109.31477049388491,65.31953729788462,58.772339607306066
method_comparison_llama1b_30runs,P2_28,random_few_shot,30,1.0,1.0,0.0,1.0,0.0,0.1,0.4709135926942198,0.16189993004469388,0.8485714285714286,0.5483548368680801,0.6581495980696477,1.0,0.6581495980696477,1.0,21.2,0.0,21.2,0.7571428571428572,0.24285714285714288,1.0,1.0,0.09617486174793075,0.1,1.0,0.9972444857243891,1.0,1.0,0.513106862008566,0.5768472906403941,0.55,0.9926442396296307,0.06666666666666667,1.0,0.06666666666666667,0.06666666666666667,-0.2985701210241437,0.009874143861946232,0.1,0.9666666666666667,0.09764697851461679,0.0,,111.58382936507937,8.391263856716915,8.128958264986673,6.770844161622367
method_comparison_llama1b_30runs,P2_28,tabgen_icl_residual,30,1.0,0.9666666666666667,0.03333333333333333,1.0,0.03333333333333333,0.1,0.48350173043941375,0.1740868917373966,0.8535714285714285,0.558238637137658,0.6650746655399623,1.0,0.6650746655399623,0.9666666666666667,20.5,0.0,20.5,0.7321428571428572,0.2678571428571429,1.0,1.0,0.10667896735075173,0.12740458076335387,1.0,0.9988710004365262,1.0,1.0,0.5262749048067585,0.5869829389476543,0.55,0.9970408184054366,0.0,1.0,0.0,0.0,-0.29623420300431763,0.06924033656490534,0.1,0.9,0.10481878196038978,0.0,,111.47707936507938,8.476749531562671,12.00767830212911,12.606419976204212
method_comparison_llama1b_30runs,P2_28,validator_feedback_refinement,30,0.9666666666666667,0.9666666666666667,0.0,0.9666666666666667,0.0,0.0,0.36250852420920626,0.05640589094308178,0.8183333333333334,0.4440512021833953,0.5372813894380374,0.9733333333333333,0.5506147227713708,0.9666666666666667,21.7,0.0,21.7,0.775,0.1916666666666667,0.9666666666666667,0.9666666666666667,0.03333333333333333,0.015208791208791239,1.0,0.7276626841914564,0.9666666666666667,0.9666666666666667,0.08047619047620341,0.3946976829045795,0.95,0.7772850177047003,0.0,0.9666666666666667,0.0,0.0,0.23191401015420013,0.029462608211410567,0.0,0.9666666666666667,0.025852097992842462,0.0,,113.59482758620689,3.564865080740936,46.019562935829164,109.6000666533688
method_comparison_llama1b_30runs,P2_28,value_only_controlled_scale,30,1.0,0.03333333333333333,0.9666666666666667,1.0,0.0,0.6,0.6897867809826658,0.12076324309655057,0.9369047619047619,0.7350744557439863,0.7547025071536656,1.0,0.7547025071536656,1.0,8.833333333333334,0.0,8.833333333333334,0.31547619047619047,0.6845238095238095,1.0,1.0,0.5999999999999991,0.7426045549798866,1.0,0.5976932679960599,1.0,1.0,0.6493197278911539,0.7482984509257088,0.9333333333333333,0.6878585164644666,0.03333333333333333,1.0,0.03333333333333333,0.03333333333333333,-1.0301672444201169,0.9865660725233569,0.6333333333333333,0.03333333333333333,0.5647391033701136,0.0,,91.37380952380953,25.38286628955493,12.564583977063497,5.892766782750354
method_comparison_llama1b_30runs,P3_28,canonical_few_shot,30,1.0,0.8,0.2,1.0,0.0,0.0,0.19889206407388874,0.09584956909523969,0.9345238095238095,0.20837279440401807,0.4048661049615135,1.0,0.4048661049615135,0.7,4.966666666666667,0.0,4.966666666666667,0.17738095238095236,0.8226190476190477,1.0,0.85,0.8,0.017058162092867993,0.0,0.016433015523204333,1.0,1.0,0.7674994220986588,0.1355319822241926,0.0,0.7164330155232026,0.0,1.0,0.8,0.8,11.42163838715563,7.875736910473145,0.8,0.0,0.6596438540364813,0.0,20.2,330.3571428571429,185.8558239367343,94.67564723491668,31.543448510126826
method_comparison_llama1b_30runs,P3_28,chatts_attribute_prompting,30,0.9333333333333333,0.9,0.1,1.0,0.0,0.0,0.25543631688925034,0.12160744491542282,0.8081818181818182,0.29894954115681227,0.31601676876407175,0.9466666666666667,0.31601676876407175,0.8333333333333334,17.3,0.0,17.3,0.6178571428571428,0.3154761904761905,0.9333333333333333,0.8587662337662337,0.765220858832574,0.03822340699295489,0.0,0.3923538988017201,0.9333333333333333,0.9333333333333333,0.8133333333333332,0.12198133488409442,0.06666666666666667,0.26208574017219255,0.0,0.9333333333333333,0.7666666666666667,0.7666666666666667,3.044402928111586,2.3016316713311777,0.7666666666666667,0.0,0.7917543322758441,0.0,3.4642857142857144,187.44454567541302,63.99477015880142,29.465719318389894,46.44957817182135
method_comparison_llama1b_30runs,P3_28,cllm_generate_curate,30,0.9333333333333333,0.16666666666666666,0.7666666666666667,0.9333333333333333,0.0,0.0,0.31283889606903537,0.08906783325521325,0.7995238095238096,0.37202809038151075,0.30612760867716654,0.9466666666666667,0.30612760867716654,0.9,20.6,0.0,20.6,0.7357142857142857,0.19761904761904767,0.9333333333333333,0.9333333333333333,0.8499999999999998,0.0009197943766616327,0.0,0.6371925671493817,0.9333333333333333,0.9333333333333333,0.9333333333333333,0.051404662416872283,0.03333333333333333,0.20643910562512716,0.0,0.9333333333333333,0.9333333333333333,0.9333333333333333,3.6267818046758946,0.5055236286647049,0.9333333333333333,0.0,0.992635942457272,0.0,0.8928571428571429,148.5950255102041,29.357689474801706,25.79773142337799,21.883175993048848
method_comparison_llama1b_30runs,P3_28,constraint_guided,30,1.0,0.3,0.7,1.0,0.0,0.0,0.07272147099922276,0.08712862991233078,0.8392857142857142,0.08870593226799314,0.08931828133552287,1.0,0.08931828133552287,0.3,7.8,0.0,7.8,0.2785714285714286,0.7214285714285714,1.0,0.475,0.3,0.0548237290719726,0.0,0.0,1.0,1.0,0.3,0.05727312534209081,0.0,6.661338147750939e-16,0.0,1.0,0.3,0.3,3.116128443714658,11.249208209190083,0.3,0.0,0.11762067763258047,0.0,12.2,310.9166666666667,340.2934192132467,96.36579313278199,78.26968659928671
method_comparison_llama1b_30runs,P3_28,epic_grouped_attribute_few_shot,30,1.0,0.8,0.2,1.0,0.23333333333333334,0.26666666666666666,0.5900632229659697,0.2533488124714507,0.9771428571428571,0.6005844325422683,0.5958263153132581,1.0,0.5958263153132581,0.26666666666666666,3.2,0.0,3.2,0.11428571428571428,0.8857142857142858,1.0,1.0,0.8766666666666666,0.4569202236422418,0.3333333333333333,0.7354175065268317,1.0,1.0,0.8982894432683505,0.4663763990457077,0.3,0.7186394189389743,0.0,1.0,0.5,0.5,2.049765123673992,0.9641102554701464,0.5,0.0,0.6157668423482691,0.4666666666666667,1.0666666666666667,131.4380992063492,33.67892039117479,70.00614496866862,58.611339763039076
method_comparison_llama1b_30runs,P3_28,harmonic_knn,30,1.0,0.9666666666666667,0.03333333333333333,1.0,0.0,0.0,0.34608457558301625,0.15991871655782589,0.8651731601731601,0.3920382354447497,0.7604140759543916,1.0,0.7604140759543916,1.0,18.366666666666667,0.0,18.366666666666667,0.655952380952381,0.3440476190476191,1.0,0.9818181818181818,0.36666666666666664,0.18587427321142874,0.13333333333333333,0.8822786685675701,1.0,1.0,0.84,0.40665544093899375,0.8333333333333334,0.9616675295452392,0.0,1.0,0.7666666666666667,0.7666666666666667,2.245539723373385,2.0504419878360056,0.7666666666666667,0.0,0.6690995807056992,0.06666666666666667,1.9333333333333333,145.2231966553288,39.40851029338026,12.133820645014445,9.424338773043317
method_comparison_llama1b_30runs,P3_28,prompt_only,30,1.0,0.8333333333333334,0.16666666666666666,1.0,0.0,0.0,0.20537621587216703,0.10787526487738151,0.8694490527393753,0.2323997805010049,0.28811372070979957,0.9733333333333333,0.2947803873764662,0.8333333333333334,0.9333333333333333,17.6,18.533333333333335,0.6619047619047619,0.6702380952380953,1.0,0.8103405017921147,0.8333333333333334,0.015715060317568277,0.0,0.08055072835311801,1.0,1.0,0.8174426655763999,0.05068597139492118,0.0,0.31099291253454386,0.0,0.7333333333333333,0.8,0.5333333333333333,10.065722713095457,8.15246639977696,0.8,0.0,0.7223297460154627,0.0,18.5,348.3217120181406,160.92345078293084,177.12038470109303,113.18707472421902
method_comparison_llama1b_30runs,P3_28,random_few_shot,30,1.0,1.0,0.0,1.0,0.0,0.03333333333333333,0.33260867632054036,0.14526749320738627,0.8547619047619047,0.3826316780466227,0.8107583794490456,1.0,0.8107583794490456,1.0,20.333333333333332,0.0,20.333333333333332,0.7261904761904762,0.27380952380952384,1.0,1.0,0.35,0.15159785638923753,0.06666666666666667,0.9622621891305866,1.0,1.0,0.94,0.40499555600137943,0.9,0.9980379617948031,0.0,1.0,0.8333333333333334,0.8333333333333334,1.7028173625772154,0.6260335783454977,0.8333333333333334,0.0,0.7212148955443332,0.03333333333333333,0.2,134.96758588435372,20.692179955658467,9.066130709648132,7.377213862829259
method_comparison_llama1b_30runs,P3_28,tabgen_icl_residual,30,1.0,0.9,0.1,1.0,0.0,0.03333333333333333,0.3153515536974187,0.16685807430217764,0.8588095238095239,0.36165073715714974,0.7866246261184923,1.0,0.7866246261184923,0.9666666666666667,19.766666666666666,0.0,19.766666666666666,0.7059523809523809,0.2940476190476191,1.0,1.0,0.39666666666666667,0.08584498596379823,0.06666666666666667,0.8974246293314675,1.0,1.0,0.9600000000000001,0.3198318378073024,0.8666666666666667,1.0,0.0,1.0,0.9,0.9,4.321227746066498,7.060678477438642,0.9,0.0,0.7705022715082332,0.03333333333333333,3.0,154.9784619047619,39.788265588452546,27.394412430127463,85.95918064407455
method_comparison_llama1b_30runs,P3_28,validator_feedback_refinement,30,1.0,0.9666666666666667,0.03333333333333333,1.0,0.0,0.0,0.34047940644216046,0.015963398699353412,0.8473809523809523,0.4026703436038715,0.3396533948085375,1.0,0.3396533948085375,1.0,21.366666666666667,0.0,21.366666666666667,0.763095238095238,0.23690476190476192,1.0,1.0,0.9133333333333332,0.012466508848861775,0.0,0.6848815322332911,1.0,1.0,1.0,0.04821220267019451,0.0,0.31040137656395556,0.1,1.0,1.0,1.0,3.659211475139227,0.3649119383605987,1.0,0.0,0.9821434194663772,0.1,1.0666666666666667,150.2234693877551,29.66962023178362,25.153688446680704,27.79500451806335
method_comparison_llama1b_30runs,P3_28,value_only_controlled_scale,30,1.0,0.0,1.0,1.0,0.0,0.0,0.5700838284465413,0.05764588903985325,0.9266666666666666,0.6154035520721607,0.5725176395455988,1.0,0.5725176395455988,1.0,10.266666666666667,0.0,10.266666666666667,0.36666666666666664,0.6333333333333333,1.0,1.0,0.9666666666666667,0.5558094867129452,0.0,0.9391380549090307,1.0,1.0,0.94,0.34249925672366854,0.03333333333333333,0.9742379681253935,0.0,1.0,0.8666666666666667,0.8666666666666667,8.63714911251857,3.9313905662125017,0.9,0.0,0.7306452911447631,0.0,16.033333333333335,214.20096371882084,77.24809048513787,14.521410926183064,13.751501393391738
method_comparison_llama1b_30runs,P4_30,canonical_few_shot,30,1.0,0.5666666666666667,0.43333333333333335,1.0,0.0,0.0,0.3112786051566444,0.21950051862761202,0.9335555555555556,0.3163395598962992,0.3150392102335929,1.0,0.3150392102335929,0.0,0.0,0.0,0.0,0.0,1.0,1.0,0.6677777777777777,0.01174153707258482,0.6869500358459452,0.5666666666666667,1.258252761241844e-16,1.0,1.0,0.0,0.6934901742677049,0.5666666666666667,1.258252761241844e-16,0.43333333333333335,1.0,0.43333333333333335,0.43333333333333335,11.10196514645902,10.349241360471943,0.0,0.0,0.45816938832997706,0.0,,352.73333333333335,282.2475646332134,148.7250650405884,121.23810062952397
method_comparison_llama1b_30runs,P4_30,chatts_attribute_prompting,30,0.9666666666666667,0.9666666666666667,0.03333333333333333,1.0,0.0,0.0,0.5543402806527173,0.08632778925449042,0.8126666666666666,0.6775473768304413,0.8192511238896256,0.9733333333333333,0.8325844572229589,0.9666666666666667,24.1,0.0,24.1,0.8033333333333333,0.16333333333333327,0.9666666666666667,0.9666666666666667,0.007808124676694845,1.0,1.0,0.7023813826450704,0.9666666666666667,0.9666666666666667,0.9346825991071916,0.9220378541911841,0.5333333333333333,0.9402840422601265,0.9666666666666667,0.9666666666666667,0.9666666666666667,0.9666666666666667,-3.3187142802347473,0.017815598351246343,0.0,0.0,0.9251147340850829,0.0,,71.41954022988506,29.72354420855673,15.741476265589396,17.286732687635556
method_comparison_llama1b_30runs,P4_30,cllm_generate_curate,30,0.9333333333333333,0.23333333333333334,0.7,0.9333333333333333,0.0,0.03333333333333333,0.5372978230071374,0.13972880966000936,0.8017777777777777,0.6604949601426958,0.7901064434600216,0.9466666666666667,0.8167731101266882,0.9333333333333333,21.733333333333334,0.0,21.733333333333334,0.7244444444444444,0.20888888888888885,0.9333333333333333,0.9333333333333333,0.03305785436694925,1.0,0.9833333333333333,0.6255886528705005,0.9333333333333333,0.9333333333333333,0.8531242420132344,0.915454341032445,0.5666666666666667,0.9318471907944067,0.9,0.9333333333333333,0.9,0.9,-2.845816780549821,1.566833810552043,0.0,0.0,0.9207264592746978,0.0,,77.56321428571428,27.56957807381375,49.83074460824331,117.03824678161949
method_comparison_llama1b_30runs,P4_30,constraint_guided,30,1.0,0.0,1.0,1.0,0.0,0.0,0.06450755847601577,0.0010700650415246574,0.8466666666666666,0.07619002969608162,0.07359668149796068,1.0,0.07359668149796068,0.0,0.0,0.0,0.0,0.0,1.0,1.0,0.23333333333333328,0.026306033163810486,0.278454085620516,0.0,0.0,1.0,1.0,0.0,0.29438672599184273,0.0,0.0,0.9,1.0,0.9,0.9,-0.47734519836857214,0.16599494306129015,0.0,0.0,-0.24692536642675392,0.0,,305.0111111111111,424.7092788960144,146.4093863328298,126.748965206768
method_comparison_llama1b_30runs,P4_30,epic_grouped_attribute_few_shot,30,1.0,0.16666666666666666,0.8333333333333334,1.0,0.06666666666666667,0.06666666666666667,0.5912475638424048,0.10565431561271543,0.8655555555555555,0.6821757052314487,0.8348812406523325,1.0,0.8348812406523325,0.9,20.166666666666668,0.0,20.166666666666668,0.6722222222222223,0.3277777777777777,1.0,1.0,0.0993622543566926,0.9982503938725141,1.0,0.6310901726965877,1.0,1.0,0.8397566519097783,0.91152169466807,0.6333333333333333,0.9549132826981478,0.8666666666666667,1.0,0.8666666666666667,0.8666666666666667,-2.398039154616244,2.0636934879029494,0.0,0.0,0.890064145037093,0.0,,94.3368,28.104701806989844,15.947472429275512,24.545671264756102
method_comparison_llama1b_30runs,P4_30,harmonic_knn,30,1.0,0.8666666666666667,0.13333333333333333,1.0,0.0,0.06666666666666667,0.621305711106817,0.07510229501830973,0.8488888888888888,0.7329544310310823,0.6949825705477165,1.0,0.6949825705477165,1.0,22.666666666666668,0.0,22.666666666666668,0.7555555555555556,0.2444444444444444,1.0,1.0,0.09786467156032373,0.9713369963369963,0.9666666666666667,0.8959493895603422,1.0,1.0,0.9200198099765969,0.7308059171518572,0.16666666666666666,0.9624378883957452,0.9333333333333333,1.0,0.9333333333333333,0.9333333333333333,-2.473923396366336,2.0240199097481852,0.0,0.0,0.8796835369564894,0.0,,104.76047777777778,27.532381119992984,10.008181762695312,6.6899570423463794
method_comparison_llama1b_30runs,P4_30,prompt_only,30,1.0,1.0,0.0,1.0,0.0,0.0,0.5000728422193618,0.016921358535741216,0.9955555555555555,0.5023104675586416,0.5086667112365996,1.0,0.5086667112365996,0.03333333333333333,0.0,0.03333333333333333,0.03333333333333333,0.0011111111111111111,0.9988888888888889,1.0,0.9788888888888889,0.0,1.0,0.9833333333333333,0.025908536901232918,1.0,1.0,0.0,0.991821468298109,0.9833333333333333,0.05951204331495582,0.0,1.0,0.0,0.0,9.879714497589914,1.6094459626174706,0.0,0.0,0.990747451069788,0.0,,263.8561111111111,86.59296969232429,133.49659151236216,113.43863173102078
method_comparison_llama1b_30runs,P4_30,random_few_shot,30,1.0,1.0,0.0,1.0,0.0,0.0,0.625,0.0,0.8333333333333333,0.75,0.6724430522523078,1.0,0.6724430522523078,1.0,25.0,0.0,25.0,0.8333333333333334,0.16666666666666663,1.0,1.0,0.0,1.0,1.0,1.0,1.0,1.0,0.9845366620050523,0.7052355470041789,0.0,1.0,1.0,1.0,1.0,1.0,-2.6145717463848746,0.0,0.0,0.0,0.9213809729075082,0.0,,84.58333333333333,23.55917490537863,6.820726720492045,5.562140412969851
method_comparison_llama1b_30runs,P4_30,tabgen_icl_residual,30,1.0,0.9666666666666667,0.03333333333333333,1.0,0.0,0.06666666666666667,0.6231535776281547,0.04256080663395133,0.8444444444444444,0.7391559306161336,0.6842770115642375,1.0,0.6842770115642375,0.9666666666666667,23.333333333333332,0.0,23.333333333333332,0.7777777777777779,0.2222222222222222,1.0,1.0,0.07936474869958919,0.9605923070982779,0.9833333333333333,0.9333333333333337,1.0,1.0,0.9295574956281136,0.6933758953614348,0.13333333333333333,0.9808413219340679,1.0,1.0,1.0,1.0,-2.520350315165001,0.5798908322778537,0.0,0.0,0.8414256429890942,0.0,,86.50184444444444,24.49100321197577,11.704980492591858,15.204162833762402
method_comparison_llama1b_30runs,P4_30,validator_feedback_refinement,30,1.0,0.8333333333333334,0.16666666666666666,1.0,0.0,0.0,0.5317905360728393,0.07998477912687385,0.837111111111111,0.6347937514228881,0.8396720749785557,1.0,0.8396720749785557,1.0,24.433333333333334,0.0,24.433333333333334,0.8144444444444444,0.18555555555555553,1.0,1.0,0.016666666666666666,0.9986732901329174,1.0,0.5238350488919682,1.0,1.0,0.9446158642632432,0.9284951273933633,0.5166666666666667,0.9689106415909498,0.9666666666666667,1.0,0.9666666666666667,0.9666666666666667,-3.0183281423804256,0.9904628868774596,0.0,0.0,0.9387284946314228,0.0,,71.51672222222221,27.243860381579363,9.356236839294434,9.382502488265677
method_comparison_llama1b_30runs,P4_30,value_only_controlled_scale,30,1.0,0.3,0.7,1.0,0.0,0.0,0.7183076487723778,0.04145157760950775,0.932,0.7704197967372278,0.7704603080381915,1.0,0.7704603080381915,1.0,10.2,0.0,10.2,0.34,0.66,1.0,1.0,1.0,1.0,1.0,0.08167918694891131,1.0,1.0,1.0,1.0,1.0,0.08184123215276624,1.0,1.0,1.0,1.0,-1.9932179273266637,0.14555860086518513,0.0,0.0,0.998969822840244,0.0,,194.2642361111111,17.26308555011296,20.1537171681722,16.826816761147708
method_comparison_llama1b_30runs,P5_60,canonical_few_shot,30,0.9666666666666667,0.06666666666666667,0.9333333333333333,1.0,0.0,0.0,0.22730017126149396,0.055495164139975114,0.801,0.29036695590738576,0.3387477687391831,0.9666666666666667,0.35541443540584977,0.6,7.7,0.0,7.7,0.12833333333333333,0.8383333333333334,0.9666666666666667,0.26666666666666666,0.864021403333212,0.23077975362966435,0.06666666666666667,1.1842378929335003e-16,0.9666666666666667,0.9666666666666667,0.8887407407407405,0.26020343533477114,0.23333333333333334,0.039380232214553994,0.0,0.9666666666666667,0.0,0.0,-0.2967396868588331,0.6910853036783264,0.0,0.23333333333333334,-0.20466520057343837,0.0,,290.1112684729064,378.7485968754279,76.35907356739044,68.36729305810957
method_comparison_llama1b_30runs,P5_60,chatts_attribute_prompting,30,0.9666666666666667,0.9333333333333333,0.03333333333333333,0.9666666666666667,0.0,0.0,0.33538718240572635,0.10886504832129931,0.8481111111111111,0.3969600082617443,0.42514573426692603,0.9733333333333333,0.4384790676002594,0.8333333333333334,37.56666666666667,0.0,37.56666666666667,0.6261111111111111,0.34055555555555556,0.9666666666666667,0.9666666666666667,0.03780663780663794,0.03687697932712614,1.0,0.5131564159132133,0.9666666666666667,0.9666666666666667,0.4091072764683841,0.313641052328191,0.23333333333333334,0.7978346082711292,0.0,0.9666666666666667,0.0,0.0,0.6201280607959421,1.058321899103167,0.13333333333333333,0.6333333333333333,0.2993449306842274,0.0,,200.21799329501914,22.92787194843998,69.5201730966568,130.65172015117653
method_comparison_llama1b_30runs,P5_60,cllm_generate_curate,30,0.8,0.6666666666666666,0.13333333333333333,0.8,0.0,0.0,0.305700674783718,0.12047659925409944,0.6957777777777778,0.4480714844185118,0.2985537682107486,0.84,0.3785537682107486,0.8,43.266666666666666,0.0,43.266666666666666,0.7211111111111111,0.07888888888888891,0.8,0.8,0.20634920634920648,0.0308771929824562,1.0,0.5550595383423844,0.8,0.8,0.5597856265151226,0.27900403877097324,0.23333333333333334,0.44209207422356506,0.1,0.8,0.1,0.1,0.04427603346608516,0.019236323089747744,0.1,0.8,0.12504342407273958,0.0,,112.06393518518519,2.4475560545833335,12.311116210619609,12.356818181962778
method_comparison_llama1b_30runs,P5_60,constraint_guided,30,0.9666666666666667,0.1,0.9,1.0,0.0,0.0,0.21331084967351688,0.04067318802188979,0.8187777777777777,0.26847028066165385,0.28625104054927303,0.9666666666666667,0.3029177072159397,0.06666666666666667,3.8666666666666667,0.0,3.8666666666666667,0.06444444444444444,0.9022222222222223,0.9666666666666667,0.2916666666666667,0.7833106777428367,0.19057044490377878,0.1,0.0,0.9666666666666667,0.9666666666666667,0.8952116402116397,0.20570968273079973,0.06666666666666667,0.04408283925465268,0.0,0.9666666666666667,0.0,0.0,-0.35957306148260193,0.1725093082423829,0.0,0.06666666666666667,-0.22434353102574678,0.0,,281.2701149425287,386.35948626014925,145.476424630483,116.40047261778179
method_comparison_llama1b_30runs,P5_60,epic_grouped_attribute_few_shot,30,0.9333333333333333,0.5,0.43333333333333335,0.9333333333333333,0.36666666666666664,0.36666666666666664,0.5548730622893673,0.32394610125744927,0.8512222222222223,0.6201582665529322,0.5443677732243574,0.9466666666666667,0.571034439891024,0.5333333333333333,28.633333333333333,0.0,28.633333333333333,0.4772222222222222,0.45611111111111113,0.9333333333333333,0.9333333333333333,0.42459010476900727,0.3831048478692926,1.0,0.6729381135734287,0.9333333333333333,0.9333333333333333,0.6143352187904417,0.49745588530195506,0.4666666666666667,0.7056799888050326,0.36666666666666664,0.9333333333333333,0.36666666666666664,0.36666666666666664,0.061210179911085315,0.12806847432259502,0.36666666666666664,0.9,0.393462066686672,0.0,,114.08026438492064,10.420989460495592,146.6817579348882,186.2928341160732
method_comparison_llama1b_30runs,P5_60,harmonic_knn,30,1.0,0.9333333333333333,0.06666666666666667,1.0,0.06666666666666667,0.06666666666666667,0.4537680332159502,0.1665224514632519,0.8350000000000002,0.5347402554381727,0.5136415063000377,1.0,0.5136415063000377,0.9,49.5,0.0,49.5,0.825,0.17500000000000002,1.0,1.0,0.09275184884224233,0.1,0.9833333333333333,0.9628758395771148,1.0,1.0,0.6686777747681687,0.3063457441882004,0.08333333333333333,0.996209172910448,0.1,1.0,0.1,0.1,-0.05873562100583545,0.049286549939493676,0.1,1.0,0.09632673265184356,0.0,,111.30281666666666,6.4864060218824875,12.507960025469462,18.251662209298274
method_comparison_llama1b_30runs,P5_60,prompt_only,30,1.0,1.0,0.0,1.0,0.0,0.0,0.22038618862636378,0.04542918412210937,0.8263499724676195,0.2669313139229556,0.6058114637323091,1.0,0.6058114637323091,1.0,43.93333333333333,0.0,43.93333333333333,0.7322222222222222,0.2677777777777778,1.0,0.8639720845603198,0.0,0.008235515073162135,1.0,0.05948974061866041,1.0,1.0,0.7486147186147157,0.5746311363145206,0.1,1.0,0.0,1.0,0.0,0.0,0.7536150473897004,0.6531759334262806,0.0,0.0,0.11172105891315737,0.0,,784.0897222222222,89.24134775809449,68.82584369977316,75.02072157955155
method_comparison_llama1b_30runs,P5_60,random_few_shot,30,1.0,1.0,0.0,1.0,0.0,0.06666666666666667,0.45479927081400084,0.14360499211216035,0.8295555555555557,0.5421548190754624,0.5092709312713392,1.0,0.5092709312713392,1.0,51.13333333333333,0.0,51.13333333333333,0.8522222222222222,0.1477777777777778,1.0,1.0,0.08681519032004487,0.0818040859818048,1.0,1.0,1.0,1.0,0.67886719016688,0.29154986825181,0.06666666666666667,1.0,0.06666666666666667,1.0,0.06666666666666667,0.06666666666666667,-0.06485649618280269,0.03057851886369388,0.06666666666666667,1.0,0.05938185164739201,0.0,,110.44636243386243,5.953694103691215,15.93348053296407,42.01675668986545
method_comparison_llama1b_30runs,P5_60,tabgen_icl_residual,30,0.9333333333333333,0.9333333333333333,0.0,0.9333333333333333,0.0,0.0,0.39704221850826943,0.09533264565737376,0.7816666666666667,0.5062088851749363,0.45309893565192083,0.9466666666666667,0.4797656023185875,0.9,49.5,0.0,49.5,0.825,0.10833333333333336,0.9333333333333333,0.9333333333333333,0.07856099827426588,0.012941209092146086,1.0,0.9333333333333333,0.9333333333333333,0.9333333333333333,0.6660609982742666,0.2196680776667501,0.1,0.9333333333333333,0.0,0.9333333333333333,0.0,0.0,-0.06970735918707628,0.02664602276028507,0.0,0.9333333333333333,-0.0039467418552408574,0.0,,110.96755952380953,5.022309979396198,49.8904910326004,150.231319170702
method_comparison_llama1b_30runs,P5_60,validator_feedback_refinement,30,0.7666666666666667,0.7333333333333333,0.03333333333333333,0.7666666666666667,0.0,0.0,0.34738825565220754,0.1518168044022673,0.6952222222222223,0.4991360412172214,0.43007474543427704,0.8133333333333332,0.5234080787676103,0.7333333333333333,35.43333333333333,0.0,35.43333333333333,0.5905555555555556,0.1761111111111111,0.7666666666666667,0.7666666666666667,0.25064935064935107,0.04845387787472942,1.0,0.6974409363448051,0.7666666666666667,0.7666666666666667,0.8213420688732814,0.5740955507756217,0.26666666666666666,0.4315280287548716,0.26666666666666666,0.7666666666666667,0.26666666666666666,0.26666666666666666,0.12337928007377152,0.49299763798803753,0.3,0.7333333333333333,0.550954972200227,0.0,,114.02611111111112,5.301246820415256,182.55443751017253,235.5976948601159
method_comparison_llama1b_30runs,P5_60,value_only_controlled_scale,30,1.0,1.0,0.0,1.0,0.0,0.0,0.5873169562598427,0.1658348269700221,0.8478888888888889,0.6927108458185267,0.667793018477639,1.0,0.667793018477639,1.0,45.63333333333333,0.0,45.63333333333333,0.7605555555555555,0.23944444444444443,1.0,1.0,0.3153514127198338,0.5762276706731151,0.9666666666666667,0.9125976332144915,1.0,1.0,0.8995425889073041,0.7618052583391735,0.13333333333333333,0.876490893330745,0.16666666666666666,1.0,0.16666666666666666,0.16666666666666666,-0.027828470871539304,0.07306835830997079,0.16666666666666666,1.0,0.3031823229649759,0.0,,97.26033333333334,19.546416922448316,15.592830276489257,10.521140716343044
method_comparison_llama1b_30runs,P6_60,canonical_few_shot,30,1.0,0.8333333333333334,0.16666666666666666,1.0,0.0,0.0,0.22290504937180164,0.013737033410503514,0.8645555555555556,0.25796018880342675,0.34458382587000086,1.0,0.34458382587000086,0.8333333333333334,33.13333333333333,0.0,33.13333333333333,0.5522222222222222,0.4477777777777778,1.0,0.875,0.861111111111111,0.035230434718072405,0.0,0.13549920938452342,1.0,1.0,0.8599170705887121,0.102634645311855,0.0,0.4157835875794363,0.0,1.0,0.8333333333333334,0.8333333333333334,13.449930536260075,5.984194146574202,0.8333333333333334,0.0,0.7831044758793825,0.0,50.0,545.2722222222222,302.9940132958674,95.91259586016336,61.78158450728758
method_comparison_llama1b_30runs,P6_60,chatts_attribute_prompting,30,1.0,1.0,0.0,1.0,0.0,0.0,0.21776801888201341,0.01687944726823799,0.8223333333333334,0.26466200009660973,0.27684969749291166,1.0,0.27684969749291166,1.0,53.3,0.0,53.3,0.8883333333333333,0.1116666666666667,1.0,1.0,0.9566666666666666,0.005134493988983155,0.0,0.09684683973078927,1.0,1.0,1.0,0.024596059178425396,0.03333333333333333,0.049469397459887834,0.0,1.0,1.0,1.0,4.304406206309513,0.8906446502259521,1.0,0.0,0.9960648885418195,0.0,33.13333333333333,216.62219576719573,74.66243830198144,12.872771716117859,8.991915784453564
method_comparison_llama1b_30runs,P6_60,cllm_generate_curate,30,0.9333333333333333,0.3333333333333333,0.6,0.9333333333333333,0.0,0.0,0.20478049670941542,0.056010844170991225,0.777,0.250278223265869,0.2522382625452752,0.9466666666666667,0.2522382625452752,0.9333333333333333,50.9,0.0,50.9,0.8483333333333333,0.08500000000000002,0.9333333333333333,0.9333333333333333,0.8306293706293705,0.0,0.0,0.1704835224341056,0.9333333333333333,0.9333333333333333,0.9333333333333333,0.04666974982015177,0.0,0.028949967027615844,0.0,0.9333333333333333,0.9333333333333333,0.9333333333333333,3.4394628468225306,0.8870755729023249,0.9333333333333333,0.0,0.9988331655982591,0.0,29.142857142857142,200.71636904761905,59.66056985625345,18.93033057053884,14.501604799509472
method_comparison_llama1b_30runs,P6_60,constraint_guided,30,1.0,0.2,0.8,1.0,0.0,0.0,0.24349403396246966,0.01890140413766855,0.8455555555555556,0.287770758910095,0.3137468579991441,1.0,0.3137468579991441,0.2,10.333333333333334,0.0,10.333333333333334,0.17222222222222222,0.8277777777777777,1.0,0.4,0.33333333333333337,0.17138843843878823,0.0,0.6463612638682584,1.0,1.0,0.33293531982586705,0.17658776386216107,0.0,0.7454643483085484,0.0,1.0,0.2,0.2,3.116171158655179,6.913523833374257,0.2,0.0,0.012896497559520666,0.0,28.2,364.3944444444444,389.88505820811747,119.78222815990448,74.89617207137297
method_comparison_llama1b_30runs,P6_60,epic_grouped_attribute_few_shot,30,0.9666666666666667,0.8333333333333334,0.13333333333333333,0.9666666666666667,0.6333333333333333,0.6333333333333333,0.7908872886525233,0.2188588289826009,0.9672222222222222,0.7925466801968049,0.792109688776409,0.9733333333333333,0.792109688776409,0.03333333333333333,1.8333333333333333,0.0,1.8333333333333333,0.030555555555555555,0.9361111111111111,0.9666666666666667,0.9666666666666667,0.9212698412698413,0.5447363464912579,0.9,0.8041805330261199,0.9666666666666667,0.9666666666666667,0.9246031746031746,0.5449945884606595,0.9,0.7988409920418021,0.0,0.9666666666666667,0.3333333333333333,0.3333333333333333,1.8526189937817974,0.37902380769055544,0.3333333333333333,0.0,0.7083364450499269,0.0,10.448275862068966,160.82045402298849,45.6480534463334,166.4304155667623,118.27091091654935
method_comparison_llama1b_30runs,P6_60,harmonic_knn,30,1.0,1.0,0.0,1.0,0.03333333333333333,0.03333333333333333,0.2903550513300093,0.16088923167199062,0.8422222222222223,0.33781026302005884,0.43120578344563193,1.0,0.43120578344563193,0.9333333333333333,47.333333333333336,0.0,47.333333333333336,0.7888888888888889,0.21111111111111114,1.0,1.0,0.45619047619047615,0.0444423598827388,0.06666666666666667,0.7839415493403536,1.0,1.0,0.9865079365079364,0.09782734758120928,0.3111111111111111,0.3293767385822706,0.0,1.0,0.9666666666666667,0.9666666666666667,2.9690470609560853,1.8829924383550534,0.9666666666666667,0.0,0.947691609890104,0.03333333333333333,22.1,194.68682285714286,53.35091340661142,16.45896786848704,22.855870274983392
method_comparison_llama1b_30runs,P6_60,prompt_only,30,0.9666666666666667,0.9666666666666667,0.0,0.9666666666666667,0.0,0.0,0.21639913936430086,0.04371235367287065,0.8536666666666667,0.2449468598610367,0.3555577541197844,0.9466666666666667,0.3605577541197844,0.9666666666666667,21.733333333333334,6.166666666666667,27.9,0.465,0.5016666666666666,0.9666666666666667,0.9666666666666667,0.9666666666666667,0.0018589929073318284,0.0,0.011261779870148278,0.9666666666666667,0.9666666666666667,0.961111111111111,0.05532591595884528,0.0,0.42579398940918123,0.0,0.7666666666666667,0.9666666666666667,0.7666666666666667,8.310322243316085,2.2746172702758516,0.9666666666666667,0.0,0.9382669345765207,0.0,50.689655172413794,380.26759715380405,148.14773629021016,179.60461270809174,129.94935455259204
method_comparison_llama1b_30runs,P6_60,random_few_shot,30,1.0,1.0,0.0,1.0,0.0,0.0,0.2917661346753719,0.150522131438997,0.828777777777778,0.3447103248425058,0.43725706985681995,1.0,0.43725706985681995,0.9666666666666667,51.36666666666667,0.0,51.36666666666667,0.8561111111111112,0.1438888888888889,1.0,1.0,0.33476190476190476,0.03801027939141265,0.06666666666666667,0.939402448550039,1.0,1.0,0.988095238095238,0.09011747465778801,0.3777777777777778,0.29303778889647597,0.0,1.0,0.9333333333333333,0.9333333333333333,2.277405160730588,0.4129712642995513,0.9333333333333333,0.0,0.9371117676857251,0.06666666666666667,18.933333333333334,172.56837789115647,41.63225947073538,10.27198839187622,13.093704881092115
method_comparison_llama1b_30runs,P6_60,tabgen_icl_residual,30,0.9666666666666667,0.9666666666666667,0.0,0.9666666666666667,0.0,0.0,0.34320972124634,0.21848752622145406,0.8296666666666667,0.38932832923763594,0.4646535563417842,0.9733333333333333,0.4646535563417842,0.9,43.1,0.0,43.1,0.7183333333333334,0.24833333333333338,0.9666666666666667,0.9666666666666667,0.4378571428571429,0.08494692767701204,0.16666666666666666,0.8678425797497221,0.9666666666666667,0.9666666666666667,0.9468253968253968,0.1252258383533166,0.4222222222222223,0.3643407679662009,0.0,0.9666666666666667,0.8,0.8,2.36298533929721,1.0994180423160178,0.8,0.0,0.8719916636766749,0.03333333333333333,18.17241379310345,175.25782868578466,44.589115265256446,36.9517848889033,108.1234752432685
method_comparison_llama1b_30runs,P6_60,validator_feedback_refinement,30,0.9666666666666667,0.9666666666666667,0.0,0.9666666666666667,0.0,0.0,0.22875156614766487,0.04607169904781335,0.8201111111111111,0.2715582705853038,0.29255224113869793,0.9733333333333333,0.29255224113869793,0.9666666666666667,45.96666666666667,0.0,45.96666666666667,0.7661111111111111,0.20055555555555557,0.9666666666666667,0.9666666666666667,0.9233333333333333,0.036158757070079456,0.0,0.12674099193780228,0.9666666666666667,0.9666666666666667,0.9666666666666667,0.04587787056154361,0.0,0.1576644273265815,0.0,0.9666666666666667,0.9666666666666667,0.9666666666666667,3.926755356692313,0.27219122404020013,0.9666666666666667,0.0,0.9927336997870018,0.0,32.51724137931034,214.21580459770115,68.31684014350323,35.952113469441734,34.106401860016355
method_comparison_llama1b_30runs,P6_60,value_only_controlled_scale,30,1.0,0.5,0.5,1.0,0.0,0.0,0.5226556889322971,0.11032671992135168,0.8476666666666667,0.6169205727547986,0.5208835014034993,1.0,0.5208835014034993,1.0,45.7,0.0,45.7,0.7616666666666667,0.23833333333333334,1.0,1.0,0.8426973026973028,0.3491531176573194,0.32222222222222224,0.9536096484423504,1.0,1.0,0.953968253968254,0.6481754004465426,0.044444444444444446,0.4369459067547559,0.13333333333333333,1.0,1.0,1.0,4.578825599703622,4.5517526570008995,1.0,0.0,0.903850948167886,0.13333333333333333,20.733333333333334,231.57944444444445,89.06310985513697,14.711634143193562,12.042672743211556
