batch_id,model,profile_id,method,n_runs,success_rate,raw_json_valid_rate,parse_repaired_rate,parse_success_rate,strict_llm_valid_rate,curated_series_valid_rate,mean_llm_profile_compliance_score,std_llm_profile_compliance_score,mean_llm_formal_validity_score,mean_llm_temporal_profile_score,mean_final_profile_compliance_score,mean_final_formal_validity_score,mean_final_temporal_profile_score,length_curation_rate,mean_completed_points,mean_truncated_points,mean_curation_intensity,mean_curation_change_rate,mean_llm_length_score,mean_llm_numeric_validity_score,mean_llm_range_score,mean_llm_trend_score,mean_llm_seasonality_score,mean_llm_anomaly_score,mean_llm_noise_score,mean_final_length_score,mean_final_range_score,mean_final_trend_score,mean_final_seasonality_score,mean_final_anomaly_score,mean_final_noise_score,legacy_valid_series_rate,legacy_structural_valid_rate,legacy_temporal_valid_rate,legacy_final_recomputed_rate,mean_slope,std_slope,weekly_seasonality_rate,no_strong_trend_rate,mean_weekly_autocorrelation,anomaly_count_rate,mean_anomaly_count,mean_value,mean_std,mean_time_seconds,std_time_seconds
llm_comparison_server_4models_30runs,llama3.2:1b,P1_20,epic_grouped_attribute_few_shot,30,1.0,0.0,1.0,1.0,0.0,0.0,0.6713458885376349,0.06486753533992856,0.9056666666666666,0.7415958885376349,0.5822270157535344,1.0,0.5822270157535344,0.7,9.433333333333334,0.0,9.433333333333334,0.4716666666666667,0.5283333333333333,1.0,1.0,0.2997168874838729,0.6666666666666666,1.0,1.0,1.0,1.0,0.2997168874838729,0.06252450886359792,0.9666666666666667,1.0,0.3333333333333333,1.0,0.3333333333333333,0.3333333333333333,0.46985639097744236,0.6931315956749787,0.0,0.3333333333333333,0.017564914996142374,0.0,,112.34125,4.015669303513707,5.517334628105163,1.1731049261874578
llm_comparison_server_4models_30runs,llama3.2:1b,P1_20,harmonic_knn,30,1.0,0.6,0.4,1.0,0.0,0.0,0.6128930086940113,0.08778722274621291,0.9156666666666666,0.6691244774340015,0.49159745255844206,1.0,0.49159745255844206,1.0,8.433333333333334,0.0,8.433333333333334,0.4216666666666667,0.5783333333333334,1.0,1.0,0.20340492798689175,0.6333333333333333,1.0,0.8397596484157807,1.0,1.0,0.292820762394315,0.1569023811727866,0.5166666666666667,1.0,0.4,1.0,0.4,0.4,0.7659854636591468,2.787591679060863,0.0,0.4,0.1537022730422767,0.0,,119.51063333333333,9.82186669864485,1.6065412123998006,0.8140558636237368
llm_comparison_server_4models_30runs,llama3.2:1b,P1_20,prompt_only,30,1.0,1.0,0.0,1.0,0.0,0.0,0.6609536945812807,0.04166261801615108,0.881271592775041,0.75,0.6829743699832622,1.0,0.6829743699832622,0.4,0.0,2.5,2.5,0.125,0.875,1.0,0.5313579638752053,0.0,1.0,1.0,1.0,1.0,1.0,0.0,0.7639473684210524,1.0,0.9679501115119967,0.0,1.0,0.0,0.0,26.699248120300748,1.63841850949607,0.0,0.0,0.7606357936583039,0.0,,852.7,168.42450039498075,8.79419566790263,2.478431086057678
llm_comparison_server_4models_30runs,llama3.2:1b,P1_20,tabgen_icl_residual,30,1.0,0.5,0.5,1.0,0.0,0.0,0.5988972156877866,0.06800651582144208,0.9243333333333333,0.6494325190242207,0.4914389745891132,1.0,0.4914389745891132,0.7333333333333333,7.566666666666666,0.0,7.566666666666666,0.3783333333333333,0.6216666666666666,1.0,1.0,0.20284498687999045,0.5751122003196389,0.9666666666666667,0.8531062222305871,1.0,1.0,0.29014327963633507,0.12561261872011775,0.55,1.0,0.4,1.0,0.4,0.4,0.21262531328320652,1.455313349565397,0.0,0.4,0.10917980419857666,0.0,,113.94011666666667,6.514592135312885,1.6845688104629517,0.7075885046963805
llm_comparison_server_4models_30runs,llama3.2:1b,P1_20,value_only_controlled_scale,30,1.0,0.0,1.0,1.0,0.0,0.0,0.6700021167981036,0.04907967893870903,0.9646666666666666,0.6945981504914136,0.35031239764973077,1.0,0.35031239764973077,1.0,3.533333333333333,0.0,3.533333333333333,0.17666666666666667,0.8233333333333334,1.0,1.0,0.6294690351774015,0.1489235667882527,1.0,1.0,1.0,1.0,0.05052371974195455,0.08405920419030186,0.26666666666666666,1.0,0.16666666666666666,1.0,0.16666666666666666,0.16666666666666666,0.27787969924811845,0.4177585399058182,0.0,0.16666666666666666,-0.38431883793434035,0.0,,101.236,5.867749319138725,1.7294758399327597,0.36456022893810697
llm_comparison_server_4models_30runs,llama3.2:1b,P2_28,epic_grouped_attribute_few_shot,30,1.0,0.3333333333333333,0.6666666666666666,1.0,0.3,0.3333333333333333,0.5617721760025194,0.2841043782475415,0.8954761904761904,0.6076039726668806,0.6762942522720745,1.0,0.6762942522720745,0.6666666666666666,14.633333333333333,0.0,14.633333333333333,0.5226190476190475,0.4773809523809524,1.0,1.0,0.28016409534211006,0.33507922547247215,1.0,0.8151725698529401,1.0,1.0,0.27978025649302113,0.5712301711636478,1.0,0.8541665814316294,0.3333333333333333,1.0,0.3333333333333333,0.3333333333333333,0.14767055890044448,0.3036345104676325,0.36666666666666664,0.9666666666666667,0.35009451119438595,0.0,,109.43601587301588,8.722440785006077,4.247178729375204,6.583454888928304
llm_comparison_server_4models_30runs,llama3.2:1b,P2_28,harmonic_knn,30,1.0,0.8666666666666667,0.13333333333333333,1.0,0.03333333333333333,0.13333333333333333,0.5086359497811955,0.18981426058032724,0.8604761904761904,0.581280316501671,0.6724106748218173,1.0,0.6724106748218173,0.9333333333333333,19.266666666666666,0.0,19.266666666666666,0.6880952380952381,0.3119047619047619,1.0,0.9904761904761905,0.16278992752962698,0.2,1.0,0.9623313384770571,1.0,1.0,0.530782609015734,0.6229598287511998,0.5666666666666667,0.9692335948536683,0.03333333333333333,1.0,0.03333333333333333,0.03333333333333333,-0.22609609864379926,0.43908452386441044,0.13333333333333333,0.8333333333333334,0.15099913292155936,0.0,,108.48647380952382,10.718635123202139,1.2873976627985637,0.7105564559150788
llm_comparison_server_4models_30runs,llama3.2:1b,P2_28,prompt_only,30,1.0,1.0,0.0,1.0,0.0,0.0,0.22467996378497976,0.02098007954554087,0.8842380952380952,0.2536599779515331,0.5315393620853395,1.0,0.5315393620853395,1.0,15.366666666666667,0.0,15.366666666666667,0.5488095238095237,0.4511904761904762,1.0,0.9700000000000001,0.0,0.0012167978692195173,1.0,0.013423113936913037,1.0,1.0,0.5200000000000017,0.522824115008023,0.08333333333333333,1.0,0.0,1.0,0.0,0.0,4.24703521255246,2.100565884492097,0.06666666666666667,0.0,-0.240579637449963,0.0,,724.0952380952381,106.68727650032743,4.908063681920369,2.327742818401469
llm_comparison_server_4models_30runs,llama3.2:1b,P2_28,tabgen_icl_residual,30,1.0,0.9666666666666667,0.03333333333333333,1.0,0.0,0.0,0.4455870478591072,0.08567161094181236,0.8454761904761905,0.5244571261934714,0.6357558896905077,1.0,0.6357558896905077,0.9666666666666667,21.633333333333333,0.0,21.633333333333333,0.7726190476190475,0.2273809523809524,1.0,1.0,0.031457431457437686,0.06666666666666667,1.0,0.9997044066497813,1.0,1.0,0.48313852813852226,0.5768472906403941,0.48333333333333334,0.9997044066497813,0.0,1.0,0.0,0.0,-0.228922793894058,0.267717779986539,0.0,0.9666666666666667,0.030729489233425885,0.0,,112.06889285714286,8.075062847194298,1.211575706799825,0.7621982926928482
llm_comparison_server_4models_30runs,llama3.2:1b,P2_28,value_only_controlled_scale,30,1.0,0.06666666666666667,0.9333333333333333,1.0,0.0,0.5333333333333333,0.667267695496969,0.169471572698283,0.9354761904761905,0.7119601147811749,0.7201629467227232,1.0,0.7201629467227232,1.0,9.033333333333333,0.0,9.033333333333333,0.32261904761904764,0.6773809523809524,1.0,1.0,0.5333333333333324,0.6884074112100982,1.0,0.6260997145812692,1.0,1.0,0.5762131519274349,0.688089851521707,0.9333333333333333,0.6830154501084175,0.03333333333333333,1.0,0.03333333333333333,0.03333333333333333,-1.0590476190476177,1.1834278337010482,0.5666666666666667,0.03333333333333333,0.4849526760793091,0.0,,91.20984126984126,26.535125081499107,1.4660288572311402,0.338425798530517
llm_comparison_server_4models_30runs,llama3.2:1b,P3_28,epic_grouped_attribute_few_shot,30,1.0,0.8333333333333334,0.16666666666666666,1.0,0.3,0.3333333333333333,0.5882901441818976,0.2943150729953696,0.9554761904761905,0.6089793483471287,0.63269110244855,1.0,0.63269110244855,0.5,6.233333333333333,0.0,6.233333333333333,0.22261904761904763,0.7773809523809524,1.0,1.0,0.9566666666666667,0.45606701918273596,0.3333333333333333,0.6898503742057791,1.0,1.0,0.9499122198700343,0.4828021152586211,0.36666666666666664,0.7313834079988778,0.03333333333333333,1.0,0.5,0.5,2.5913482072266976,1.1948751625356615,0.5,0.0,0.6542110132090619,0.4666666666666667,1.5,137.14286678004535,37.21531271236747,9.947243849436441,15.509599593536237
llm_comparison_server_4models_30runs,llama3.2:1b,P3_28,harmonic_knn,30,1.0,1.0,0.0,1.0,0.0,0.1,0.4222652310976994,0.23842577082311128,0.8730952380952381,0.4706876634071878,0.7436711164060459,1.0,0.7436711164060459,1.0,17.766666666666666,0.0,17.766666666666666,0.6345238095238095,0.3654761904761905,1.0,1.0,0.45999999999999996,0.29675112638221723,0.23333333333333334,0.8926661939132007,1.0,1.0,0.8866666666666667,0.4681254206217814,0.7,0.9198923783357352,0.0,1.0,0.6,0.6,3.336976162240121,6.962771441354077,0.6,0.0,0.6607962679605427,0.13333333333333333,2.5,157.6670070861678,37.83637487973475,1.419088649749756,0.9736417743445687
llm_comparison_server_4models_30runs,llama3.2:1b,P3_28,prompt_only,30,1.0,0.9666666666666667,0.03333333333333333,1.0,0.0,0.0,0.25580445414003833,0.09805933499806796,0.8842703533026113,0.2838308847780141,0.35289402074740805,0.9600000000000001,0.3650993296974507,0.9,1.0,16.3,17.3,0.6178571428571428,0.6678571428571428,1.0,0.953494623655914,0.9666666666666667,0.007546074583273865,0.0,0.16111079786211574,1.0,1.0,0.9598244397400685,0.04233209598071825,0.03333333333333333,0.4249074497356827,0.0,0.6,0.9666666666666667,0.5666666666666667,12.939815900817543,6.792572967313541,0.9666666666666667,0.0,0.928404114026102,0.0,20.133333333333333,318.42942176870747,121.19229785759633,16.60928988456726,10.73526338367076
llm_comparison_server_4models_30runs,llama3.2:1b,P3_28,tabgen_icl_residual,30,1.0,0.8333333333333334,0.16666666666666666,1.0,0.03333333333333333,0.03333333333333333,0.3481612051086877,0.18167185265027955,0.8685714285714285,0.3914713248763097,0.78478262797801,1.0,0.78478262797801,0.9,18.366666666666667,0.0,18.366666666666667,0.655952380952381,0.3440476190476191,1.0,0.9988095238095238,0.36333333333333334,0.18634818858629057,0.1,0.9162037775856148,1.0,1.0,0.9266666666666666,0.3826515043979239,0.8666666666666667,0.9631456741807823,0.0,1.0,0.8,0.8,3.157709184107871,5.132534617934803,0.8,0.0,0.677089008678538,0.1,1.5333333333333334,139.14419756235827,33.94245504638894,5.152082173029582,14.943822278927724
llm_comparison_server_4models_30runs,llama3.2:1b,P3_28,value_only_controlled_scale,30,1.0,0.0,1.0,1.0,0.0,0.03333333333333333,0.5430222898458728,0.11855903146807065,0.9245238095238094,0.588046069458503,0.5685231037442543,1.0,0.5685231037442543,1.0,10.566666666666666,0.0,10.566666666666666,0.3773809523809524,0.6226190476190475,1.0,1.0,0.9666666666666667,0.5710857951016065,0.03333333333333333,0.7810984827324056,1.0,1.0,0.9,0.36427560257039115,0.06666666666666667,0.9431501457399595,0.03333333333333333,1.0,0.6666666666666666,0.6666666666666666,7.434129590533532,3.857941703126343,0.6666666666666666,0.0,0.5406968755725631,0.03333333333333333,13.6,200.19104308390024,69.30139245058716,1.55289998849233,0.421517784938753
llm_comparison_server_4models_30runs,llama3.2:1b,P4_30,epic_grouped_attribute_few_shot,30,1.0,0.06666666666666667,0.9333333333333333,1.0,0.06666666666666667,0.06666666666666667,0.5763281263634964,0.09664362676810559,0.8613333333333333,0.6694469343094619,0.8250181152630796,1.0,0.8250181152630796,0.9333333333333333,20.8,0.0,20.8,0.6933333333333334,0.30666666666666664,1.0,1.0,0.06614757137560251,0.9649170605391808,1.0,0.6467231053230643,1.0,1.0,0.81515933111855,0.8962904136475729,0.6166666666666667,0.9719560496195285,0.8333333333333334,1.0,0.8333333333333334,0.8333333333333334,-2.391002150537638,2.096965028430526,0.0,0.0,0.8902679118883984,0.0,,91.53484444444445,28.12059784243635,1.4739168643951417,1.8831436930836218
llm_comparison_server_4models_30runs,llama3.2:1b,P4_30,harmonic_knn,30,1.0,1.0,0.0,1.0,0.0,0.0,0.6192777777777778,0.03134190190168435,0.8357777777777777,0.7416666666666667,0.6701062703080845,1.0,0.6701062703080845,1.0,24.633333333333333,0.0,24.633333333333333,0.8211111111111111,0.17888888888888885,1.0,1.0,0.0,1.0,1.0,0.9666666666666668,1.0,1.0,0.9517187732715506,0.7047823240370515,0.03333333333333333,0.9905906505904023,0.9666666666666667,1.0,0.9666666666666667,0.9666666666666667,-2.5107341490545076,0.568741943749802,0.0,0.0,0.8855919975754999,0.0,,89.26388888888889,24.22364555861044,0.9712392012278239,0.40062678418368525
llm_comparison_server_4models_30runs,llama3.2:1b,P4_30,prompt_only,30,1.0,1.0,0.0,1.0,0.0,0.0,0.5000000000000001,0.0,1.0,0.5000000000000001,0.5000000000000001,1.0,0.5000000000000001,0.0,0.0,0.0,0.0,0.0,1.0,1.0,1.0,0.0,1.0,1.0,4.440892098500626e-16,1.0,1.0,0.0,1.0,1.0,4.440892098500626e-16,0.0,1.0,0.0,0.0,10.0,0.0,0.0,0.0,1.0,0.0,,245.0,86.5544144839919,11.592617241541545,2.636055605003335
llm_comparison_server_4models_30runs,llama3.2:1b,P4_30,tabgen_icl_residual,30,1.0,0.9333333333333333,0.06666666666666667,1.0,0.0,0.03333333333333333,0.6138342669745244,0.0489331100006232,0.8424444444444443,0.7313104864632908,0.6625194229990004,1.0,0.6625194229990004,0.9666666666666667,23.566666666666666,0.0,23.566666666666666,0.7855555555555556,0.2144444444444444,1.0,0.9977777777777778,0.03968854282536151,0.9701480893050802,1.0,0.9154053137227215,1.0,1.0,0.9194878380351827,0.6837685477763612,0.1,0.9468213061844571,0.9333333333333333,1.0,0.9333333333333333,0.9333333333333333,-2.3052073414905476,1.1537738641891828,0.0,0.0,0.8375112645915441,0.0,,87.45436666666666,25.53597069977062,1.1542434136072794,0.7443417168720292
llm_comparison_server_4models_30runs,llama3.2:1b,P4_30,value_only_controlled_scale,30,1.0,0.03333333333333333,0.9666666666666667,1.0,0.0,0.0,0.7441307372809288,0.019096794887869927,0.9544444444444444,0.7796003110935541,0.7799595961083338,1.0,0.7799595961083338,1.0,6.833333333333333,0.0,6.833333333333333,0.22777777777777777,0.7722222222222221,1.0,1.0,1.0,1.0,1.0,0.11840124437421619,1.0,1.0,1.0,1.0,1.0,0.11983838443333497,1.0,1.0,1.0,1.0,-1.9753856375428758,0.16205557600755033,0.0,0.0,0.9982756235273034,0.0,,194.08333643663192,17.1215194440574,2.531649438540141,0.6211724349638517
llm_comparison_server_4models_30runs,llama3.2:1b,P5_60,epic_grouped_attribute_few_shot,30,1.0,0.7666666666666667,0.23333333333333334,1.0,0.5,0.5333333333333333,0.654457215587395,0.3264984406636846,0.9144444444444445,0.6874183308468275,0.6537871027107798,1.0,0.6537871027107798,0.5,25.666666666666668,0.0,25.666666666666668,0.42777777777777776,0.5722222222222223,1.0,1.0,0.5099194120029034,0.5333333333333333,1.0,0.706420578051073,1.0,1.0,0.6729984573322891,0.634988871539978,0.5333333333333333,0.7738277486375187,0.5333333333333333,1.0,0.5333333333333333,0.5333333333333333,0.03285577475224508,0.03205319436158158,0.5333333333333333,1.0,0.5182022133633957,0.0,,112.14273333333334,11.678480083948681,12.836807036399842,8.004782412423832
llm_comparison_server_4models_30runs,llama3.2:1b,P5_60,harmonic_knn,30,1.0,0.9666666666666667,0.03333333333333333,1.0,0.03333333333333333,0.06666666666666667,0.4613548469685166,0.16280884355417038,0.834888888888889,0.5439636488079521,0.5165120510684272,1.0,0.5165120510684272,0.9333333333333333,49.53333333333333,0.0,49.53333333333333,0.8255555555555555,0.17444444444444449,1.0,1.0,0.09397430142744431,0.1,0.9833333333333333,0.9985469604710303,1.0,1.0,0.6771753596285034,0.30699255084084204,0.08333333333333333,0.9985469604710303,0.1,1.0,0.1,0.1,-0.06549930652033033,0.02924864382964105,0.1,1.0,0.09652959035236715,0.0,,110.23605347222222,6.3846922474222625,1.791372537612915,2.3499292770938474
llm_comparison_server_4models_30runs,llama3.2:1b,P5_60,prompt_only,30,1.0,1.0,0.0,1.0,0.0,0.0,0.20965415266985749,0.024263632801946457,0.8231772486772487,0.25440285988655365,0.5907997450515349,1.0,0.5907997450515349,1.0,41.2,0.0,41.2,0.6866666666666668,0.31333333333333335,1.0,0.8025529100529101,0.0,0.001910408432147582,1.0,0.015701031114066972,1.0,1.0,0.6666666666666639,0.5298656468728086,0.16666666666666666,1.0,0.0,1.0,0.0,0.0,0.9848490211125601,0.9299808407091712,0.0,0.0,0.1391729347112965,0.0,,799.7157076719577,92.13361492164798,7.482659268379211,5.620920248065799
llm_comparison_server_4models_30runs,llama3.2:1b,P5_60,tabgen_icl_residual,30,1.0,0.8666666666666667,0.13333333333333333,1.0,0.0,0.0,0.4033387501279607,0.0782589731497759,0.833009416195857,0.4862615944079725,0.4623948591750368,1.0,0.4623948591750368,0.9,46.766666666666666,0.0,46.766666666666666,0.7794444444444444,0.22055555555555556,1.0,0.9444915254237288,0.06792627344530677,0.05821800306313553,0.95,0.8689021011234476,1.0,1.0,0.6260302556077265,0.23919443868908558,0.1,0.8843547424033353,0.0,1.0,0.0,0.0,0.6208374085394086,2.5521210369195493,0.06666666666666667,0.9,0.056087615224852276,0.0,,140.11628703703704,40.45546028619188,3.0406471252441407,7.163137303674313
llm_comparison_server_4models_30runs,llama3.2:1b,P5_60,value_only_controlled_scale,30,1.0,1.0,0.0,1.0,0.0,0.0,0.5935380642584381,0.13006058053396136,0.8477777777777777,0.6999315156903847,0.6604173767539717,1.0,0.6604173767539717,1.0,45.666666666666664,0.0,45.666666666666664,0.7611111111111112,0.23888888888888887,1.0,1.0,0.28501219255321963,0.592773315800621,1.0,0.9219405544076984,1.0,1.0,0.898233270360328,0.7498593806557421,0.06666666666666667,0.9269101893331502,0.1,1.0,0.1,0.1,-0.02793813096230511,0.07303907334032499,0.1,1.0,0.2564630591836165,0.0,,96.91511111111112,18.465661169698716,1.687997007369995,0.4097514135243224
llm_comparison_server_4models_30runs,llama3.2:1b,P6_60,epic_grouped_attribute_few_shot,30,1.0,0.8666666666666667,0.13333333333333333,1.0,0.6666666666666666,0.6666666666666666,0.8172223604883124,0.16648597153378675,0.9877777777777778,0.8205411435768754,0.819667160736084,1.0,0.819667160736084,0.06666666666666667,3.6666666666666665,0.0,3.6666666666666665,0.06111111111111111,0.9388888888888889,1.0,1.0,0.9496825396825398,0.5647830256093683,0.9333333333333333,0.8343656756822604,1.0,1.0,0.9563492063492064,0.5652995095481714,0.9333333333333333,0.8236865937136247,0.0,1.0,0.3333333333333333,0.3333333333333333,1.9037423821431878,0.5096376392986618,0.3333333333333333,0.0,0.7069636772831951,0.0,11.4,163.00177222222223,46.554215836945076,14.046965940793354,5.140203754772678
llm_comparison_server_4models_30runs,llama3.2:1b,P6_60,harmonic_knn,30,1.0,1.0,0.0,1.0,0.06666666666666667,0.06666666666666667,0.3618227903889217,0.2295169948267173,0.8554444444444445,0.40778611185916286,0.48459758036862477,1.0,0.48459758036862477,0.8666666666666667,43.36666666666667,0.0,43.36666666666667,0.7227777777777777,0.2772222222222222,1.0,1.0,0.4957142857142857,0.11027662557702281,0.16666666666666666,0.8584868694786764,1.0,1.0,0.9825396825396826,0.15469452984872642,0.41111111111111115,0.390044997974979,0.0,1.0,0.8333333333333334,0.8333333333333334,2.630252401405593,1.6082919100953657,0.8333333333333334,0.0,0.8932383726489135,0.06666666666666667,19.866666666666667,185.1335183531746,49.24960676827646,2.163222352663676,2.128448358665188
llm_comparison_server_4models_30runs,llama3.2:1b,P6_60,prompt_only,30,1.0,1.0,0.0,1.0,0.0,0.0,0.2248298272622486,0.012266672520122214,0.8902222222222222,0.25251741319601656,0.3790361864003664,0.9866666666666667,0.38236951973369976,1.0,24.8,4.133333333333334,28.933333333333334,0.4822222222222222,0.5177777777777777,1.0,1.0,1.0,0.001932493272045907,0.0,0.008137159512020457,1.0,1.0,0.9928571428571428,0.06356698135507476,0.0,0.47305395472258144,0.0,0.8666666666666667,1.0,0.8666666666666667,7.590194498471799,1.6393214398078193,1.0,0.0,0.9325680152069933,0.0,50.333333333333336,356.2788888888889,135.1768250334329,15.1928085009257,7.991992462445908
llm_comparison_server_4models_30runs,llama3.2:1b,P6_60,tabgen_icl_residual,30,1.0,1.0,0.0,1.0,0.0,0.0,0.34732071880569443,0.21584452334661786,0.8450000000000001,0.396414696854348,0.4782588638117345,1.0,0.4782588638117345,0.9333333333333333,46.5,0.0,46.5,0.775,0.22500000000000003,1.0,1.0,0.3958730158730159,0.07916841665991795,0.16666666666666666,0.9439506882177916,1.0,1.0,0.9753968253968254,0.12695172895165988,0.4444444444444445,0.36624245645400827,0.0,1.0,0.8333333333333334,0.8333333333333334,2.1553965398630504,0.525941856400636,0.8333333333333334,0.0,0.8848019415898053,0.1,17.1,169.35115144085412,41.32954311223798,1.9441028515497842,1.9578199388778572
llm_comparison_server_4models_30runs,llama3.2:1b,P6_60,value_only_controlled_scale,30,1.0,0.16666666666666666,0.8333333333333334,1.0,0.0,0.0,0.5478157942126216,0.07159032544319387,0.8493333333333334,0.6450655708727386,0.4612553758590714,1.0,0.4612553758590714,1.0,45.2,0.0,45.2,0.7533333333333334,0.24666666666666667,1.0,1.0,0.9020113220113221,0.5758827118971744,0.13333333333333333,0.969034916249125,1.0,1.0,0.9619047619047619,0.42353998482290695,0.13333333333333333,0.32624342337528345,0.03333333333333333,1.0,0.9666666666666667,0.9666666666666667,6.765782470439321,4.1484588493512335,0.9666666666666667,0.0,0.9418254942661224,0.03333333333333333,34.43333333333333,284.6038888888889,123.03033447493816,1.2770068009694417,0.38404534630469334
llm_comparison_server_4models_30runs,mistral:7b,P1_20,epic_grouped_attribute_few_shot,30,1.0,1.0,0.0,1.0,0.0,0.0,0.6294166688602025,0.07756902581666998,0.9976666666666667,0.6309051494851226,0.6292886457233915,1.0,0.6292886457233915,0.23333333333333334,0.23333333333333334,0.0,0.23333333333333334,0.011666666666666667,0.9883333333333333,1.0,1.0,0.5124226559143275,0.011197942026162755,1.0,1.0,1.0,1.0,0.505956640867403,0.011197942026162755,1.0,1.0,1.0,1.0,1.0,1.0,0.02186165413533668,0.08081171015202455,0.0,1.0,0.08870146939446967,0.0,,101.57603333333333,2.2206665724589936,9.28188784122467,0.6035517406450847
llm_comparison_server_4models_30runs,mistral:7b,P1_20,harmonic_knn,30,1.0,1.0,0.0,1.0,0.0,0.0,0.6310270530548749,0.08610303109859102,0.9906666666666666,0.6369600666040826,0.6430369060918724,1.0,0.6430369060918724,0.9333333333333333,0.9333333333333333,0.0,0.9333333333333333,0.04666666666666667,0.9533333333333333,1.0,1.0,0.546635326327849,0.017871606755147946,0.9833333333333333,1.0,1.0,1.0,0.5625511927971142,0.02626309823704196,0.9833333333333333,1.0,1.0,1.0,1.0,1.0,0.03560350877192757,0.04811504605470426,0.0,1.0,0.024051487833375837,0.0,,100.17863333333334,1.8901303417841375,5.9174292167027795,0.26267976527033066
llm_comparison_server_4models_30runs,mistral:7b,P1_20,prompt_only,30,1.0,1.0,0.0,1.0,0.0,0.0,0.5500048045198919,0.17537475156472876,0.953,0.5849674154482406,0.4942024558985466,1.0,0.4942024558985466,0.0,0.0,0.0,0.0,0.0,1.0,1.0,0.765,0.1375168081971715,0.5369681968079921,0.95,0.715384656787799,1.0,1.0,0.1375168081971715,0.38109757394266697,0.95,0.508195441454348,0.0,1.0,0.0,0.0,16.672014035087713,19.496914548274923,0.0,0.0,0.39558333298419757,0.0,,677.7249666666667,158.57303993760846,17.825175388654074,0.38042840437698006
llm_comparison_server_4models_30runs,mistral:7b,P1_20,tabgen_icl_residual,30,1.0,1.0,0.0,1.0,0.0,0.0,0.6447480204142259,0.0824224847098689,0.991,0.6506630606928818,0.6361015457317176,1.0,0.6361015457317176,0.9,0.9,0.0,0.9,0.045000000000000005,0.955,1.0,1.0,0.5875170834446389,0.015135159326888551,1.0,1.0,1.0,1.0,0.5341663827461465,0.010239800180723938,1.0,1.0,1.0,1.0,1.0,1.0,0.024491228070173343,0.09395579669489414,0.0,1.0,0.018562895851060378,0.0,,102.74886666666666,2.3003558993821205,6.066456119219462,0.20729177894100817
llm_comparison_server_4models_30runs,mistral:7b,P1_20,value_only_controlled_scale,30,1.0,1.0,0.0,1.0,0.0,0.0,0.700639182352501,0.05090370837289044,0.9903333333333334,0.7074665849286622,0.7060284905807815,1.0,0.7060284905807815,0.9666666666666667,0.9666666666666667,0.0,0.9666666666666667,0.04833333333333334,0.9516666666666665,1.0,1.0,0.7450735387467107,0.08479280096793815,1.0,1.0,1.0,1.0,0.731043488519569,0.09307047380355714,1.0,1.0,1.0,1.0,1.0,1.0,-0.021664160401003982,0.029500708096383516,0.0,1.0,-0.12543424093061942,0.0,,100.54666666666667,1.5973563056338562,4.320430548985799,0.09675178913397456
llm_comparison_server_4models_30runs,mistral:7b,P2_28,epic_grouped_attribute_few_shot,30,1.0,1.0,0.0,1.0,0.13333333333333333,0.2,0.7959654890536968,0.10195146791152933,0.9961904761904762,0.7989133149254845,0.8222858176372548,1.0,0.8222858176372548,0.5333333333333333,0.5333333333333333,0.0,0.5333333333333333,0.019047619047619046,0.980952380952381,1.0,1.0,0.7457037737325634,1.0,0.9166666666666666,0.5332828193027079,1.0,1.0,0.7490381434829801,1.0,0.9333333333333333,0.6067717937327061,0.5333333333333333,1.0,0.5333333333333333,0.5333333333333333,-0.13038332421090576,0.4401826947954178,1.0,0.5333333333333333,0.9431526206291025,0.0,,348.7373253968254,25.61950923659889,7.900679214795431,0.38713200267719095
llm_comparison_server_4models_30runs,mistral:7b,P2_28,harmonic_knn,30,1.0,1.0,0.0,1.0,0.26666666666666666,0.6666666666666666,0.8823465059975386,0.06833020095380617,0.9961904761904762,0.8857256172537202,0.9043363655541242,1.0,0.9043363655541242,0.5333333333333333,0.5333333333333333,0.0,0.5333333333333333,0.019047619047619046,0.980952380952381,1.0,1.0,0.6865470185429022,1.0,0.95,0.9063554504719786,1.0,1.0,0.6729282879309267,1.0,0.95,0.9944171742855699,0.6666666666666666,1.0,0.6666666666666666,0.6666666666666666,-0.11271200510855484,0.278270518860564,1.0,0.6666666666666666,0.9687105424238034,0.0,,114.53802777777778,20.01723154864825,8.177169481913248,0.5410683789610203
llm_comparison_server_4models_30runs,mistral:7b,P2_28,prompt_only,30,1.0,1.0,0.0,1.0,0.16666666666666666,0.16666666666666666,0.5691967373508557,0.18878096803513733,0.98926267281106,0.5726464327073039,0.5880589238065473,1.0,0.5880589238065473,0.2,0.0,0.6,0.6,0.021428571428571425,0.9785714285714285,1.0,0.9677419354838709,0.23853858784893217,0.3194813849766819,0.9666666666666667,0.7658990913369348,1.0,1.0,0.23853858784893217,0.32313665662054925,0.9666666666666667,0.8238937840900409,0.0,1.0,0.0,0.0,-5.576719576719569,12.523316059141365,0.16666666666666666,0.1,0.4406504338953059,0.0,,423.26190476190476,133.1666661560909,25.4175594329834,3.08873403876265
llm_comparison_server_4models_30runs,mistral:7b,P2_28,tabgen_icl_residual,30,1.0,1.0,0.0,1.0,0.23333333333333334,0.7333333333333333,0.8993904949303757,0.054610903797439554,0.9947619047619047,0.9040708708663808,0.9321173984760537,1.0,0.9321173984760537,0.6666666666666666,0.7333333333333333,0.0,0.7333333333333333,0.02619047619047619,0.9738095238095238,1.0,1.0,0.7039896910280811,1.0,0.9833333333333333,0.9289604591041087,1.0,1.0,0.7316545830175022,1.0,1.0,0.9968150108867125,0.6333333333333333,1.0,0.6333333333333333,0.6333333333333333,-0.20241038739889128,0.3039593289583784,1.0,0.6333333333333333,0.9490411434972947,0.0,,109.18035714285715,19.853379006198068,8.118101700146992,0.3904427663969602
llm_comparison_server_4models_30runs,mistral:7b,P2_28,value_only_controlled_scale,30,1.0,1.0,0.0,1.0,0.0,0.6666666666666666,0.806435168126058,0.14287007436377552,0.9645238095238095,0.8363213029643247,0.8678389976123625,1.0,0.8678389976123625,1.0,4.966666666666667,0.0,4.966666666666667,0.17738095238095236,0.8226190476190476,1.0,1.0,0.7754769855045305,0.8739892714862745,1.0,0.6958189548664939,1.0,1.0,0.8618277686892031,0.8765065120781178,1.0,0.733021709682129,0.4,1.0,0.4,0.4,-0.32252782338988933,0.4441217253045338,0.7,0.5333333333333333,0.6686444993821964,0.0,,208.7348015873016,19.856657062633133,5.3266168912251795,0.3107721841301836
llm_comparison_server_4models_30runs,mistral:7b,P3_28,epic_grouped_attribute_few_shot,30,1.0,0.8333333333333334,0.16666666666666666,1.0,0.13333333333333333,0.23333333333333334,0.6402023618784355,0.19572371398677177,0.9973809523809524,0.6418037372867994,0.6772610973122787,1.0,0.6772610973122787,0.36666666666666664,0.36666666666666664,0.0,0.36666666666666664,0.013095238095238096,0.986904761904762,1.0,1.0,0.88,0.5090072150756452,0.3333333333333333,0.844874400738219,1.0,1.0,0.82,0.5233403208078592,0.4666666666666667,0.8990374017745888,0.0,1.0,0.26666666666666666,0.26666666666666666,4.8197889592618655,5.834139543823327,0.26666666666666666,0.0,0.3687883219191344,0.26666666666666666,4.233333333333333,133.3385328798186,57.3910479143786,8.217886098225911,1.4666065997646913
llm_comparison_server_4models_30runs,mistral:7b,P3_28,harmonic_knn,30,1.0,1.0,0.0,1.0,0.1,0.36666666666666664,0.7653690183695403,0.17943581674108622,0.9940476190476191,0.7698917968727081,0.7778592574221358,1.0,0.7778592574221358,0.7333333333333333,0.8333333333333334,0.0,0.8333333333333334,0.02976190476190476,0.9702380952380952,1.0,1.0,0.5633333333333332,0.8405775571783088,0.7666666666666667,0.9089896303125238,1.0,1.0,0.5866666666666666,0.8416904418095655,0.7666666666666667,0.9164132545456442,0.0,1.0,0.0,0.0,0.929807951277575,0.5031782042002327,0.0,0.0,0.28724537099762343,0.6333333333333333,1.6666666666666667,126.96204648526077,37.76746466695089,7.779149691263835,0.30158717246886296
llm_comparison_server_4models_30runs,mistral:7b,P3_28,prompt_only,30,1.0,0.3333333333333333,0.6666666666666666,1.0,0.0,0.0,0.338089287801377,0.22162384405776833,0.9476190476190476,0.3453414203989968,0.3463086796563934,1.0,0.3463086796563934,0.5666666666666667,0.26666666666666666,2.2666666666666666,2.533333333333333,0.09047619047619047,0.9130952380952381,1.0,0.825,0.7666666666666667,0.1140356216456316,0.06666666666666667,0.4339967266170222,1.0,1.0,0.7466666666666666,0.11288226397489834,0.06666666666666667,0.45901912131734196,0.0,1.0,0.6,0.6,10.057840809376113,9.256984318132039,0.6,0.0,0.595270856348845,0.0,15.333333333333334,272.3681689342404,193.90208542066097,41.307366728782654,27.397193253385602
llm_comparison_server_4models_30runs,mistral:7b,P3_28,tabgen_icl_residual,30,1.0,1.0,0.0,1.0,0.2,0.36666666666666664,0.7183023809755548,0.20338699486921913,0.995952380952381,0.7209703791617442,0.7413962107811458,1.0,0.7413962107811458,0.5333333333333333,0.5666666666666667,0.0,0.5666666666666667,0.020238095238095236,0.9797619047619047,1.0,1.0,0.5233333333333333,0.764860464028976,0.7333333333333333,0.8623543859513341,1.0,1.0,0.5933333333333334,0.7703423570424195,0.7333333333333333,0.8685758194154974,0.0,1.0,0.0,0.0,1.087362403454359,1.114904602712333,0.0,0.0,0.2024778307090597,0.5333333333333333,1.6,127.63214285714285,38.09552512168944,7.732959127426147,0.3062624485644142
llm_comparison_server_4models_30runs,mistral:7b,P3_28,value_only_controlled_scale,30,1.0,1.0,0.0,1.0,0.0,0.16666666666666666,0.5068140241411419,0.09868837944635224,0.9685714285714284,0.5236546392767866,0.6384679095377965,1.0,0.6384679095377965,1.0,4.4,0.0,4.4,0.15714285714285714,0.8428571428571429,1.0,1.0,0.6333333333333333,0.6327000301467245,0.0,0.8285851936270883,1.0,1.0,0.6666666666666666,0.6269072482959385,0.36666666666666664,0.8936310565219144,0.0,1.0,0.0,0.0,1.4558224950261085,1.3558194888244377,0.0,0.0,0.11755008437292667,0.4,2.033333333333333,138.86238662131518,45.08906601263162,4.129546443621318,0.42379479198318654
llm_comparison_server_4models_30runs,mistral:7b,P4_30,epic_grouped_attribute_few_shot,30,1.0,1.0,0.0,1.0,0.23333333333333334,0.3,0.8343247690787151,0.09927438126351448,0.9988888888888889,0.8352996757099984,0.8359355274108263,1.0,0.8359355274108263,0.16666666666666666,0.16666666666666666,0.0,0.16666666666666666,0.005555555555555555,0.9944444444444444,1.0,1.0,0.999983579638752,1.0,1.0,0.34121512320124125,1.0,1.0,0.9999851687059695,1.0,1.0,0.3437569409373357,1.0,1.0,1.0,1.0,-20.632949202817972,6.974736129710795,0.0,0.0,0.9989997671851505,0.0,,645.3451111111111,179.00805521282322,8.504386941591898,0.28890530646057455
llm_comparison_server_4models_30runs,mistral:7b,P4_30,harmonic_knn,30,1.0,1.0,0.0,1.0,0.1,0.7666666666666667,0.9310675509476073,0.09632941158179414,0.9917777777777778,0.9387264855153696,0.9352941479086118,1.0,0.9352941479086118,0.8,1.2333333333333334,0.0,1.2333333333333334,0.04111111111111111,0.9588888888888889,1.0,1.0,0.9649864461213173,0.9697030594017838,0.9,0.9202164365383773,1.0,1.0,0.964172014219243,0.9689914977479367,0.8666666666666667,0.9413464130006003,1.0,1.0,1.0,1.0,-24.773757879124975,4.105254657002447,0.0,0.0,0.9326597823000039,0.0,,423.25694444444446,225.8320976047958,8.153205021222432,0.44318489076020984
llm_comparison_server_4models_30runs,mistral:7b,P4_30,prompt_only,30,1.0,1.0,0.0,1.0,0.13333333333333333,0.7333333333333333,0.9229415884982436,0.0865451226413624,0.9701146953405019,0.9525280665354323,0.9130273498929357,1.0,0.9130273498929357,0.7,1.2,0.26666666666666666,1.4666666666666666,0.04888888888888889,0.9511111111111111,1.0,0.8994623655913979,1.0,0.9878494277451407,1.0,0.8222628383965884,1.0,1.0,0.9841222490154504,0.9663294816204034,0.9,0.8016576689358889,1.0,1.0,1.0,1.0,-26.00555431961441,5.354527110499751,0.0,0.0,0.9619756728829336,0.0,,371.7837777777778,240.18828870359104,25.449144752820335,3.245725496021703
llm_comparison_server_4models_30runs,mistral:7b,P4_30,tabgen_icl_residual,30,1.0,1.0,0.0,1.0,0.03333333333333333,0.8333333333333334,0.9355187409848499,0.057919191414879986,0.9888888888888889,0.945850735782462,0.9551588112603338,1.0,0.9551588112603338,0.9666666666666667,1.6666666666666667,0.0,1.6666666666666667,0.05555555555555555,0.9444444444444444,1.0,1.0,0.9983862041322719,0.9972810748326028,0.9666666666666667,0.8210689974983065,1.0,1.0,0.9975268727363154,0.9956483640233214,0.9666666666666667,0.8607933416150313,1.0,1.0,1.0,1.0,-24.80303114571749,4.424053266101938,0.0,0.0,0.9922772756978414,0.0,,455.8625,217.35959460871328,7.9711806058883665,0.46759989431800597
llm_comparison_server_4models_30runs,mistral:7b,P4_30,value_only_controlled_scale,30,1.0,1.0,0.0,1.0,0.0,0.0,0.7497162478549619,0.0024531844980339736,0.998,0.7512256383791008,0.7512076182072567,1.0,0.7512076182072567,0.2,0.3,0.0,0.3,0.01,0.99,1.0,1.0,1.0,1.0,1.0,0.004902553516403478,1.0,1.0,1.0,1.0,1.0,0.004830472829026437,1.0,1.0,1.0,1.0,-0.8774506117908832,0.23783111544440128,0.0,0.0,0.9999067985102063,0.0,,212.33512777777779,7.5949621301187165,7.1968664487202965,0.5052299755973858
llm_comparison_server_4models_30runs,mistral:7b,P5_60,epic_grouped_attribute_few_shot,30,1.0,0.8666666666666667,0.13333333333333333,1.0,0.0,0.1,0.5476316933755446,0.20328412787336955,0.9147761924632104,0.5882675855040691,0.6737007395763949,1.0,0.6737007395763949,1.0,16.366666666666667,0.0,16.366666666666667,0.2727777777777778,0.7272222222222222,1.0,0.8466587400938301,0.32425124266730776,0.3576089685710678,0.9166666666666666,0.7545434641112344,1.0,1.0,0.4645083717107436,0.45832130647896485,0.85,0.921973280115871,0.06666666666666667,1.0,0.06666666666666667,0.06666666666666667,1.4679790532643522,2.2181277422507204,0.23333333333333334,0.36666666666666664,0.3360655190620426,0.0,,518.0831873015873,87.14772764259239,13.16552263100942,1.3138087735237114
llm_comparison_server_4models_30runs,mistral:7b,P5_60,harmonic_knn,30,1.0,1.0,0.0,1.0,0.03333333333333333,0.6333333333333333,0.8838150850412244,0.08489156156902906,0.9651111111111111,0.9153852301850253,0.8972945996285177,1.0,0.8972945996285177,0.9666666666666667,10.466666666666667,0.0,10.466666666666667,0.17444444444444446,0.8255555555555555,1.0,1.0,0.8636750315456785,0.9196121520150223,0.9666666666666667,0.9115870705127337,1.0,1.0,0.9169037565233241,0.9185060848977069,0.8666666666666667,0.8871018904263729,0.8666666666666667,1.0,0.8666666666666667,0.8666666666666667,0.029896323548868637,0.03653904702982847,0.8666666666666667,1.0,0.7819423858448318,0.0,,112.7248554563492,19.024388619702453,13.82279007434845,1.4527790491237278
llm_comparison_server_4models_30runs,mistral:7b,P5_60,prompt_only,30,1.0,0.5666666666666667,0.43333333333333335,1.0,0.0,0.0,0.4019961254397727,0.2431558533506666,0.8016296296296297,0.4785094734619315,0.5796562143842728,0.9366666666666668,0.6185196340223416,0.8,0.16666666666666666,18.333333333333332,18.5,0.30833333333333335,0.6916666666666667,1.0,0.6331481481481481,0.5221995930633958,0.23583326978443803,0.8,0.3560050309998922,1.0,1.0,0.5785880826947634,0.2793428926351964,0.9666666666666667,0.6494808940927399,0.0,0.36666666666666664,0.0,0.0,3.420560572381215,4.760906578169324,0.4,0.3333333333333333,0.3507904681689735,0.0,,568.2031944444444,195.8080098909076,99.55862405300141,22.134530524444084
llm_comparison_server_4models_30runs,mistral:7b,P5_60,tabgen_icl_residual,30,1.0,1.0,0.0,1.0,0.0,0.6,0.7977773543476359,0.17839990935444633,0.9353333333333332,0.8448551725593078,0.8189843056007787,1.0,0.8189843056007787,1.0,19.4,0.0,19.4,0.3233333333333333,0.6766666666666666,1.0,1.0,0.7142130429214538,0.7610905215107236,0.9666666666666667,0.9374504591383865,1.0,1.0,0.8350129197401398,0.7983543792002884,0.75,0.8925699234626865,0.7333333333333333,1.0,0.7333333333333333,0.7333333333333333,0.022440114758507875,0.06317621584424941,0.7333333333333333,1.0,0.6482206832768254,0.0,,119.89376058201059,17.84555148550589,11.727964059511821,3.77533664809666
llm_comparison_server_4models_30runs,mistral:7b,P5_60,value_only_controlled_scale,30,1.0,1.0,0.0,1.0,0.0,0.03333333333333333,0.7494538497749005,0.0702720204653887,0.9503333333333333,0.788637497548318,0.7995005764818439,1.0,0.7995005764818439,1.0,14.9,0.0,14.9,0.24833333333333335,0.7516666666666667,1.0,1.0,0.7892533973498363,0.5020562324502029,1.0,0.8632403603932328,1.0,1.0,0.8281163184295913,0.5056089601130677,1.0,0.8642770273847167,0.16666666666666666,1.0,0.16666666666666666,0.16666666666666666,-0.047418579124717815,0.06225926961404747,0.16666666666666666,1.0,0.4309601211365981,0.0,,473.1567761243386,20.336940278936268,10.440535807609558,0.5270807821803845
llm_comparison_server_4models_30runs,mistral:7b,P6_60,epic_grouped_attribute_few_shot,30,1.0,0.03333333333333333,0.9666666666666667,1.0,0.0,0.13333333333333333,0.49441830174175505,0.2057497375446693,0.9525925925925925,0.5206471585752435,0.5623637499028854,1.0,0.5623637499028854,0.8333333333333334,13.733333333333333,0.0,13.733333333333333,0.2288888888888889,0.7711111111111111,1.0,0.9918518518518519,0.5397906502670148,0.42593975971436815,0.36666666666666664,0.7501915576529242,1.0,1.0,0.5992866588414595,0.4328079557944883,0.4444444444444445,0.7729159405311492,0.0,1.0,0.13333333333333333,0.13333333333333333,1.8135557421594168,2.9273715913819225,0.13333333333333333,0.0,0.25602378501081324,0.13333333333333333,28.033333333333335,251.38621515873012,78.21944647437233,16.747463011741637,4.225328819807245
llm_comparison_server_4models_30runs,mistral:7b,P6_60,harmonic_knn,30,1.0,1.0,0.0,1.0,0.0,0.16666666666666666,0.6716834120070205,0.19204703515302482,0.9646666666666667,0.6934707162966247,0.6885750070535085,1.0,0.6885750070535085,0.9,10.6,0.0,10.6,0.17666666666666667,0.8233333333333334,1.0,1.0,0.6934747085481863,0.5935818380523962,0.5555555555555556,0.9312707630303607,1.0,1.0,0.6657216762621966,0.5910894755142186,0.5888888888888889,0.90859998754873,0.0,1.0,0.03333333333333333,0.03333333333333333,0.6780747322731994,0.4860206554567476,0.1,0.0,0.4392762869950531,0.23333333333333334,2.6333333333333333,137.99440755857898,30.47774866602867,14.075151666005452,1.7158902762615253
llm_comparison_server_4models_30runs,mistral:7b,P6_60,prompt_only,30,1.0,0.1,0.9,1.0,0.0,0.0,0.2323273558619469,0.04164462151297301,0.799957671957672,0.29022756338515276,0.3107162059843594,0.9566666666666667,0.32540591130585433,0.4666666666666667,1.5333333333333334,13.0,14.533333333333333,0.24222222222222223,0.7577777777777778,1.0,0.45867724867724863,0.49106449106449107,0.1518612592907944,0.0,0.5179845031853255,1.0,1.0,0.5474157903080717,0.14171912084384747,0.0,0.6124887340714982,0.0,0.5666666666666667,0.4666666666666667,0.03333333333333333,6.835118680453563,8.174748736303261,0.4666666666666667,0.0,0.31724407045177133,0.0,33.13333333333333,409.3975853174603,349.66168677810856,116.97034900983175,24.675587455951824
llm_comparison_server_4models_30runs,mistral:7b,P6_60,tabgen_icl_residual,30,1.0,0.9666666666666667,0.03333333333333333,1.0,0.1,0.26666666666666666,0.6781240690555893,0.2254097133113706,0.968,0.6946888278374307,0.7148579795240668,1.0,0.7148579795240668,0.8666666666666667,9.6,0.0,9.6,0.16,0.84,1.0,1.0,0.6852700336510203,0.5732507134109973,0.611111111111111,0.9091234531765945,1.0,1.0,0.739873208254195,0.5664984364440298,0.6888888888888889,0.8641713845091534,0.0,1.0,0.03333333333333333,0.03333333333333333,0.9762093682643006,0.7034140822366322,0.03333333333333333,0.0,0.3977243308798343,0.03333333333333333,6.0,147.74061057256236,31.580680096922475,14.202799741427103,2.380220775998153
llm_comparison_server_4models_30runs,mistral:7b,P6_60,value_only_controlled_scale,30,1.0,0.8333333333333334,0.16666666666666666,1.0,0.0,0.0,0.4375584280173218,0.11107532979372967,0.9714444444444444,0.450789236641692,0.44937184713526956,1.0,0.44937184713526956,0.7666666666666667,8.433333333333334,0.0,8.433333333333334,0.14055555555555557,0.8594444444444445,1.0,0.9977777777777778,0.5290634347826796,0.2180242086898597,0.1,0.9560693030942286,1.0,1.0,0.4932647290403954,0.22681327631552303,0.08888888888888889,0.988520494296271,0.0,1.0,0.1,0.1,2.0205865663112514,3.293059057054807,0.1,0.0,-0.0432654734890916,0.0,7.8,137.52533484504914,69.40554111852163,19.236788590749104,31.85400565253774
llm_comparison_server_4models_30runs,qwen2.5:0.5b,P1_20,epic_grouped_attribute_few_shot,30,1.0,0.0,1.0,1.0,0.0,0.0,0.6007587626734125,0.1457086206015334,0.9346666666666666,0.6506548548253029,0.5323863311406763,1.0,0.5323863311406763,0.5333333333333333,6.533333333333333,0.0,6.533333333333333,0.3266666666666667,0.6733333333333333,1.0,1.0,0.3037450360775276,0.465541049890351,0.8666666666666667,0.9666666666666667,1.0,1.0,0.3683715468503498,0.061173777712355513,0.7333333333333333,0.9666666666666667,0.7333333333333333,1.0,0.7333333333333333,0.7333333333333333,0.17255288220551226,0.32662300204232314,0.0,0.7333333333333333,0.013892875417397242,0.0,,104.1473,2.3964799532137047,8.9854346036911,15.276552602659958
llm_comparison_server_4models_30runs,qwen2.5:0.5b,P1_20,harmonic_knn,30,1.0,0.1,0.9,1.0,0.0,0.0,0.6530464758902669,0.07089551305866439,0.9466666666666667,0.6936202801285142,0.5571007374403864,1.0,0.5571007374403864,0.5333333333333333,5.333333333333333,0.0,5.333333333333333,0.26666666666666666,0.7333333333333333,1.0,1.0,0.3088555955900112,0.5126887324417446,0.9833333333333333,0.9696034591489676,1.0,1.0,0.399702382674415,0.13281475767131218,0.7166666666666667,0.9792191427491517,0.8333333333333334,1.0,0.8333333333333334,0.8333333333333334,0.013647619047616771,0.4923106668645641,0.0,0.8333333333333334,0.04405913228114226,0.0,,101.11726666666667,2.5190878161257144,2.6824370940526325,1.385609342753155
llm_comparison_server_4models_30runs,qwen2.5:0.5b,P1_20,prompt_only,30,1.0,0.0,1.0,1.0,0.0,0.0,0.6122389303609714,0.05543718943880673,0.8543333333333333,0.7189056209918162,0.40479288623531834,1.0,0.40479288623531834,1.0,14.566666666666666,0.0,14.566666666666666,0.7283333333333334,0.27166666666666667,1.0,1.0,0.02000000000000098,0.9666666666666667,1.0,0.8889558173005975,1.0,1.0,0.12001763668430426,0.13652314727060416,0.6166666666666667,0.7459640943196982,0.7,1.0,0.7,0.7,-0.49160401002506443,2.5557193758816195,0.0,0.7,0.16040822676826846,0.0,,98.605,10.95382719875593,3.607206424077352,2.519974914112323
llm_comparison_server_4models_30runs,qwen2.5:0.5b,P1_20,tabgen_icl_residual,30,1.0,0.0,1.0,1.0,0.0,0.0,0.6245460911047844,0.1352308128791428,0.9440000000000001,0.666422691166457,0.5288933917953933,1.0,0.5288933917953933,0.7,5.6,0.0,5.6,0.28,0.7200000000000001,1.0,1.0,0.29676708723908757,0.5022570107600741,0.8666666666666667,1.0,1.0,1.0,0.2825254991665039,0.1663814013484026,0.6666666666666666,1.0,0.7333333333333333,1.0,0.7333333333333333,0.7333333333333333,0.03795012531328159,0.48390419065448653,0.0,0.7333333333333333,0.18301256264180701,0.0,,106.80305,2.638810923922223,5.733048590024312,17.38544659291381
llm_comparison_server_4models_30runs,qwen2.5:0.5b,P1_20,value_only_controlled_scale,30,1.0,0.16666666666666666,0.8333333333333334,1.0,0.0,0.03333333333333333,0.5977180624394489,0.09615243548911193,0.9510000000000001,0.6292977227238061,0.5789815446767625,1.0,0.5789815446767625,1.0,4.9,0.0,4.9,0.245,0.755,1.0,1.0,0.27213532480893815,0.27838889941961964,0.9666666666666667,1.0,1.0,1.0,0.2682717573289752,0.23098775471140837,0.8166666666666667,1.0,0.7333333333333333,1.0,0.7333333333333333,0.7333333333333333,-0.18193984962406204,0.38355729152565815,0.0,0.7333333333333333,0.12047670759284422,0.0,,95.135,1.770040684294094,2.319551920890808,0.692169367516615
llm_comparison_server_4models_30runs,qwen2.5:0.5b,P2_28,epic_grouped_attribute_few_shot,30,1.0,0.0,1.0,1.0,0.13333333333333333,0.3333333333333333,0.6513868320803268,0.23986851362317357,0.9373809523809523,0.6880675117927301,0.7311204560232448,1.0,0.7311204560232448,0.5666666666666667,8.766666666666667,0.0,8.766666666666667,0.3130952380952381,0.6869047619047619,1.0,1.0,0.4712170917414028,0.46748314011761016,0.9666666666666667,0.8469031486452407,1.0,1.0,0.5235372789305258,0.6222458126371129,0.8833333333333333,0.8953653991920072,0.1,1.0,0.1,0.1,0.11788338502706433,0.38027812365232017,0.4,0.5333333333333333,0.3735791055147101,0.0,,98.22334523809523,11.040904205326566,25.718988386789956,41.14058210221197
llm_comparison_server_4models_30runs,qwen2.5:0.5b,P2_28,harmonic_knn,30,1.0,0.1,0.9,1.0,0.2,0.3333333333333333,0.6291601762772552,0.27012455331496593,0.9107738095238095,0.6758828585883803,0.7233431851557808,1.0,0.7233431851557808,0.6666666666666666,12.266666666666667,0.0,12.266666666666667,0.4380952380952381,0.5619047619047619,1.0,0.9919642857142857,0.40914603674859945,0.41831482955816884,0.9666666666666667,0.9094039013800862,1.0,1.0,0.48739470690971576,0.6370062602652176,0.8,0.96897177344819,0.16666666666666666,1.0,0.16666666666666666,0.16666666666666666,-0.29330292525694707,0.8873327320721132,0.36666666666666664,0.36666666666666664,0.3347940522101969,0.0,,101.91018253968255,14.576252230735955,10.710818298657735,30.040254952178575
llm_comparison_server_4models_30runs,qwen2.5:0.5b,P2_28,prompt_only,30,1.0,0.0,1.0,1.0,0.0,0.0,0.43168208974027056,0.09245570027678765,0.8604761904761904,0.500919428987702,0.6246473113565881,1.0,0.6246473113565881,1.0,19.6,0.0,19.6,0.7,0.30238095238095236,1.0,1.0,0.18742652409318877,0.0040598290598290575,0.9333333333333333,0.8788580294644568,1.0,1.0,0.8121507064364192,0.8969007219746137,0.3333333333333333,0.45620448368198635,0.6666666666666666,1.0,0.6666666666666666,0.6666666666666666,0.16747856230614938,0.4266140108487514,0.6666666666666666,0.8,0.6599889059306858,0.0,,103.89206349206349,7.4843302861785785,5.046960663795471,1.2712933238859303
llm_comparison_server_4models_30runs,qwen2.5:0.5b,P2_28,tabgen_icl_residual,30,1.0,0.1,0.9,1.0,0.1,0.13333333333333333,0.4876468981833733,0.21976098077716366,0.8685714285714285,0.5547905313770156,0.6390531097167796,1.0,0.6390531097167796,0.8666666666666667,18.4,0.0,18.4,0.6571428571428571,0.34285714285714286,1.0,1.0,0.2400432887374018,0.16679617096955157,1.0,0.8123226658011092,1.0,1.0,0.3762312274811455,0.5489247366015421,0.6833333333333333,0.9477231414510976,0.1,1.0,0.1,0.1,0.37403177643982377,2.397344653275382,0.2,0.4,0.18857047222080414,0.0,,109.40017857142857,15.102461830470117,5.886704635620117,22.742594418554344
llm_comparison_server_4models_30runs,qwen2.5:0.5b,P2_28,value_only_controlled_scale,30,1.0,0.7666666666666667,0.23333333333333334,1.0,0.0,0.4666666666666667,0.3960004275471679,0.07322511715853773,0.85,0.4658828559378446,0.878241375745451,1.0,0.878241375745451,1.0,21.0,0.0,21.0,0.75,0.25,1.0,1.0,0.06666666666666667,0.0,1.0,0.7968647570847118,1.0,1.0,0.9999999999999946,0.9333333333333333,1.0,0.579632169648476,0.6333333333333333,1.0,0.6333333333333333,0.6333333333333333,-0.07662835249042069,0.26302444819531084,0.9333333333333333,0.7,0.9333333333333333,0.0,,86.59523809523809,10.199346055630809,1.1894484758377075,0.24174709615477258
llm_comparison_server_4models_30runs,qwen2.5:0.5b,P3_28,epic_grouped_attribute_few_shot,30,1.0,0.0,1.0,1.0,0.03333333333333333,0.1,0.5674076937915847,0.1985624886558722,0.9628571428571429,0.5846546901616676,0.6378441881485494,1.0,0.6378441881485494,0.3333333333333333,5.2,0.0,5.2,0.1857142857142857,0.8142857142857143,1.0,1.0,0.6691532223080494,0.6135336927588297,0.16666666666666666,0.8892651789131245,1.0,1.0,0.825819888974716,0.6865671282709328,0.16666666666666666,0.872323068681882,0.0,1.0,0.3,0.3,2.1281098383159156,2.80122107485364,0.3333333333333333,0.0,0.38928861794291697,0.5,2.566666666666667,142.91380725623583,41.42932889684963,11.616053835550945,24.819658318683082
llm_comparison_server_4models_30runs,qwen2.5:0.5b,P3_28,harmonic_knn,30,1.0,0.1,0.9,1.0,0.03333333333333333,0.1,0.3237842901544019,0.19257380906255467,0.8621428571428571,0.3693500587703692,0.6145768513293473,1.0,0.6145768513293473,0.9,19.3,0.0,19.3,0.6892857142857143,0.3107142857142857,1.0,1.0,0.5639615331908274,0.10086226572365857,0.06666666666666667,0.7459097695003242,1.0,1.0,0.94,0.3133951910704788,0.5,0.70491221424691,0.0,1.0,0.7,0.7,5.437681914144969,5.340486733192012,0.7333333333333333,0.0,0.7914679482020291,0.03333333333333333,7.9,181.45926360544217,49.80953735190318,4.457235105832418,15.226176238808485
llm_comparison_server_4models_30runs,qwen2.5:0.5b,P3_28,prompt_only,30,1.0,0.0,1.0,1.0,0.0,0.13333333333333333,0.2172786009288986,0.04722137080092712,0.8454761904761905,0.25581333102031667,0.44669996559216596,1.0,0.44669996559216596,1.0,21.633333333333333,0.0,21.633333333333333,0.7726190476190476,0.22738095238095238,1.0,1.0,0.7158508158508159,0.01853266660875357,0.0,0.2888698416216973,1.0,1.0,0.9382894432683505,0.2894000814642651,0.13333333333333333,0.4257770043027148,0.0,1.0,0.7666666666666667,0.7666666666666667,8.412295288485764,9.285760082422076,0.7666666666666667,0.0,0.7889298490005958,0.0,9.566666666666666,209.60362811791384,71.44123037288936,4.243155662218729,3.6462364082678413
llm_comparison_server_4models_30runs,qwen2.5:0.5b,P3_28,tabgen_icl_residual,30,1.0,0.23333333333333334,0.7666666666666667,1.0,0.06666666666666667,0.13333333333333333,0.43121599654417636,0.25583374343673915,0.8895238095238096,0.4692379041955247,0.588938673832652,1.0,0.588938673832652,0.7666666666666667,15.466666666666667,0.0,15.466666666666667,0.5523809523809523,0.44761904761904764,1.0,1.0,0.5610818510677891,0.31329627576201785,0.3,0.702573489952292,1.0,1.0,0.8144151844011225,0.4049411948692256,0.43333333333333335,0.7030649827269265,0.0,1.0,0.5666666666666667,0.5666666666666667,6.248102616397773,7.040466970973457,0.5666666666666667,0.0,0.7088004692332922,0.23333333333333334,9.133333333333333,193.03338577097506,65.04745701293554,5.921850236256917,20.348214261934128
llm_comparison_server_4models_30runs,qwen2.5:0.5b,P3_28,value_only_controlled_scale,30,1.0,0.0,1.0,1.0,0.0,0.0,0.20800288594338268,0.0015246644567061577,0.85,0.2447092775804502,0.7010857697293769,1.0,0.7010857697293769,1.0,21.0,0.0,21.0,0.75,0.25,1.0,1.0,0.0,0.0,0.0,0.9788371103218008,1.0,1.0,1.0,0.9951285224992122,0.0,0.8092145564182954,0.0,1.0,1.0,1.0,0.6166392993979213,0.10096782696165976,1.0,0.0,1.0,0.0,0.0,120.91428571428573,20.820579520304683,1.325491221745809,0.3134216263657053
llm_comparison_server_4models_30runs,qwen2.5:0.5b,P4_30,epic_grouped_attribute_few_shot,30,1.0,0.0,1.0,1.0,0.03333333333333333,0.1,0.5840109143299234,0.16622267223721446,0.989111111111111,0.592824621372197,0.6030801376895204,1.0,0.6030801376895204,0.26666666666666666,1.6333333333333333,0.0,1.6333333333333333,0.05444444444444444,0.9455555555555556,1.0,1.0,0.28897819528876845,0.9365644189418091,0.9666666666666667,0.17908920459154407,1.0,1.0,0.28875356533003,0.9397099647595443,0.9666666666666667,0.2171903540018409,0.3,1.0,0.3,0.3,-0.5248473674453112,2.415017532238472,0.0,0.0,0.3176471354395872,0.0,,53.903419444444445,10.676796143660805,59.05161422888438,45.70346934512767
llm_comparison_server_4models_30runs,qwen2.5:0.5b,P4_30,harmonic_knn,30,1.0,0.06666666666666667,0.9333333333333333,1.0,0.03333333333333333,0.26666666666666666,0.6670929367295282,0.16341809139487326,0.9342222222222223,0.7141459576245542,0.7800699811332705,1.0,0.7800699811332705,0.7,9.866666666666667,0.0,9.866666666666667,0.3288888888888889,0.6711111111111111,1.0,1.0,0.5465900535855287,0.8932673693938803,0.8833333333333333,0.5333930741854745,1.0,1.0,0.673926347075644,0.8980056784531177,0.8666666666666667,0.6816812323376539,0.7,1.0,0.7,0.7,-1.5585246755654476,3.0549837503629367,0.0,0.0,0.8403085719352288,0.0,,138.974225,27.457456342690204,10.811695305506388,25.609251487885473
llm_comparison_server_4models_30runs,qwen2.5:0.5b,P4_30,prompt_only,30,1.0,0.0,1.0,1.0,0.0,0.8333333333333334,0.7430891929510902,0.05815098363357245,0.8502222222222222,0.8736304724084447,0.8367047264869338,1.0,0.8367047264869338,1.0,22.166666666666668,0.0,22.166666666666668,0.7388888888888889,0.2611111111111111,1.0,0.99,0.9999999999999999,1.0,1.0,0.49452188963377863,1.0,1.0,0.8707950071229055,0.7835475760103818,1.0,0.6924763228144478,1.0,1.0,1.0,1.0,-2.9359844271412703,0.41420260964298505,0.0,0.0,0.7262342353306158,0.0,,23.886111111111113,31.113462284564694,4.6583341757456465,1.9060281995523878
llm_comparison_server_4models_30runs,qwen2.5:0.5b,P4_30,tabgen_icl_residual,30,1.0,0.0,1.0,1.0,0.0,0.5333333333333333,0.5584324743015749,0.17337776585850292,0.8913333333333333,0.6235606722425291,0.8320922689470442,1.0,0.8320922689470442,0.8666666666666667,16.3,0.0,16.3,0.5433333333333333,0.45666666666666667,1.0,1.0,0.3708048800676028,0.9448699700545986,0.9333333333333333,0.2452345055145816,1.0,1.0,0.7419245914595849,0.9053736177151499,0.9,0.7810708666134423,0.8,1.0,0.8,0.8,-2.781358231368191,6.0728008896235774,0.0,0.0,0.7675390744824966,0.0,,122.73655277777776,49.41874225981198,8.968667856852214,26.050098593160996
llm_comparison_server_4models_30runs,qwen2.5:0.5b,P4_30,value_only_controlled_scale,30,1.0,0.03333333333333333,0.9666666666666667,1.0,0.0,0.0,0.7025000000000008,0.017456843337509607,0.9366666666666668,0.7500000000000008,0.7500000000000018,1.0,0.7500000000000018,0.9666666666666667,9.5,0.0,9.5,0.31666666666666665,0.6833333333333333,1.0,1.0,1.0,1.0,1.0,3.415786172430065e-15,1.0,1.0,1.0,1.0,1.0,6.931492417076394e-15,1.0,1.0,1.0,1.0,-0.5516666666666719,0.3770308990660775,0.0,0.0,1.0,0.0,,217.00083333333333,4.774918532366886,6.169776598612468,14.90909104638976
llm_comparison_server_4models_30runs,qwen2.5:0.5b,P5_60,epic_grouped_attribute_few_shot,30,1.0,0.0,1.0,1.0,0.03333333333333333,0.23333333333333334,0.567816703660932,0.2344254646162164,0.884888888888889,0.6274853286086655,0.5704506924487419,1.0,0.5704506924487419,0.8666666666666667,34.53333333333333,0.0,34.53333333333333,0.5755555555555555,0.42444444444444446,1.0,1.0,0.3923165777163083,0.41027563332760114,0.8,0.9073491033907525,1.0,1.0,0.7008033473193706,0.5377581150531722,0.23333333333333334,0.8099079740890921,0.4,1.0,0.4,0.4,-0.016314224916975227,0.06815642109149703,0.4,1.0,0.37889317287136826,0.0,,104.25192869047619,9.197568012130592,7.9808714389801025,19.70255230738994
llm_comparison_server_4models_30runs,qwen2.5:0.5b,P5_60,harmonic_knn,30,1.0,0.13333333333333333,0.8666666666666667,1.0,0.0,0.1,0.47750058006369517,0.20288651530939122,0.8486666666666667,0.5556131693942479,0.5030134374148846,1.0,0.5030134374148846,0.9333333333333333,45.4,0.0,45.4,0.7566666666666666,0.24333333333333335,1.0,1.0,0.30278172311436863,0.1422416275039229,0.9333333333333333,0.8440959936253666,1.0,1.0,0.582735313078184,0.3238298830311861,0.13333333333333333,0.9721552202168345,0.13333333333333333,1.0,0.13333333333333333,0.13333333333333333,0.049186803818961025,0.330057941422458,0.16666666666666666,0.9666666666666667,0.15275817569594052,0.0,,125.19261021825398,7.838924835245152,7.9113547245661415,21.16558120698957
llm_comparison_server_4models_30runs,qwen2.5:0.5b,P5_60,prompt_only,30,1.0,0.0,1.0,1.0,0.0,0.0,0.3031735560467155,0.1431069556370526,0.8174444444444444,0.36705148374674174,0.4680170151252741,1.0,0.4680170151252741,0.9333333333333333,51.666666666666664,0.0,51.666666666666664,0.861111111111111,0.13888888888888887,1.0,0.9483333333333334,0.12310987029012707,0.08074621543369473,0.9333333333333333,0.331016515929812,1.0,1.0,0.6295780423280447,0.2894623215083823,0.26666666666666666,0.6863610299980025,0.0,1.0,0.0,0.0,-0.09531082708159794,0.4034683052476256,0.03333333333333333,0.7666666666666667,0.04355220953912204,0.0,,119.89205555555556,40.25780116299975,9.512120151519776,21.978279578191746
llm_comparison_server_4models_30runs,qwen2.5:0.5b,P5_60,tabgen_icl_residual,30,1.0,0.43333333333333335,0.5666666666666667,1.0,0.0,0.03333333333333333,0.3109216751560213,0.17804299755664388,0.8233333333333335,0.37318280069173126,0.4324560315437426,1.0,0.4324560315437426,1.0,53.0,0.0,53.0,0.8833333333333333,0.1166666666666667,1.0,1.0,0.09680660634259497,0.06666666666666667,0.9833333333333333,0.34592459642433,1.0,1.0,0.431720137946872,0.2725518545434223,0.05,0.9755521336846762,0.06666666666666667,1.0,0.06666666666666667,0.06666666666666667,0.08816248958043729,0.10415382356667065,0.06666666666666667,1.0,0.06558144469407393,0.0,,163.02070999999998,7.242389691941867,1.7799559116363526,1.6949490045422517
llm_comparison_server_4models_30runs,qwen2.5:0.5b,P5_60,value_only_controlled_scale,30,1.0,0.9333333333333333,0.06666666666666667,1.0,0.0,0.0,0.3836603945471105,0.07510906668127862,0.8233333333333335,0.46598428487503285,0.7632432824300154,1.0,0.7632432824300154,1.0,53.0,0.0,53.0,0.8833333333333333,0.1166666666666667,1.0,1.0,0.048629148629149646,0.0,1.0,0.8153079908709818,1.0,1.0,0.9999999999999933,1.0,1.0,0.0529731297200683,1.0,1.0,1.0,1.0,0.008998795961840425,0.006570455884458835,1.0,1.0,1.0,0.0,,90.47888888888889,8.476429128428629,1.2977854013442993,0.2774499208346518
llm_comparison_server_4models_30runs,qwen2.5:0.5b,P6_60,epic_grouped_attribute_few_shot,30,1.0,0.16666666666666666,0.8333333333333334,1.0,0.13333333333333333,0.23333333333333334,0.5781716949112887,0.31645055730432864,0.9192222222222223,0.6025667481473997,0.623190322235348,1.0,0.623190322235348,0.5666666666666667,24.233333333333334,0.0,24.233333333333334,0.4038888888888889,0.5961111111111111,1.0,1.0,0.7843650793650794,0.3439339297427329,0.5777777777777777,0.7041902057040091,1.0,1.0,0.9007936507936508,0.34982238718448067,0.6333333333333333,0.6088119176299269,0.0,1.0,0.4,0.4,2.3940372940896277,2.312082626572774,0.4,0.0,0.627541018947399,0.43333333333333335,16.266666666666666,183.82682195767197,55.99664668615114,6.739478802680969,5.0701739765095555
llm_comparison_server_4models_30runs,qwen2.5:0.5b,P6_60,harmonic_knn,30,1.0,1.0,0.0,1.0,0.0,0.0,0.2507151569165113,0.17323212457680923,0.828888888888889,0.2939843788226897,0.3724707840304673,1.0,0.3724707840304673,0.9333333333333333,51.333333333333336,0.0,51.333333333333336,0.8555555555555555,0.14444444444444446,1.0,1.0,0.5987806854112193,0.039060436211335155,0.1,0.43809639366820413,1.0,1.0,0.9872919071935226,0.07475349828315675,0.23333333333333334,0.1945043973118567,0.0,1.0,0.9,0.9,6.972897619709178,3.854696191625319,0.9,0.0,0.9336458131313684,0.06666666666666667,44.06666666666667,356.9196333333333,123.28508478300814,1.805338986714681,2.126689779330747
llm_comparison_server_4models_30runs,qwen2.5:0.5b,P6_60,prompt_only,30,1.0,0.0,1.0,1.0,0.0,0.0,0.2113775536399624,0.04293142934167523,0.8114444444444444,0.26064928610495885,0.2932298443478316,1.0,0.2932298443478316,0.9666666666666667,54.36666666666667,0.0,54.36666666666667,0.9061111111111111,0.09388888888888888,1.0,0.9633333333333333,0.8776190476190476,0.0565659746375683,0.0,0.10841212216321947,1.0,1.0,0.9330687393806777,0.06547286793418469,0.0,0.17437777007646407,0.0,1.0,0.9,0.9,7.854721869390528,5.392250922254305,0.9,0.0,0.8990517310600673,0.0,38.8,344.32040343915344,155.2760502719241,4.630608407656352,11.448221055983558
llm_comparison_server_4models_30runs,qwen2.5:0.5b,P6_60,tabgen_icl_residual,30,1.0,0.9666666666666667,0.03333333333333333,1.0,0.0,0.0,0.20553893453167235,0.013804107635069904,0.8166666666666668,0.2516803279979661,0.27991121124603097,1.0,0.27991121124603097,1.0,55.0,0.0,55.0,0.9166666666666666,0.08333333333333336,1.0,1.0,0.7599999999999999,0.0,0.0,0.24672131199186445,1.0,1.0,0.9992063492063491,0.013921437088613858,0.055555555555555566,0.05096150313360548,0.0,1.0,1.0,1.0,8.077456941743076,2.836244855260483,1.0,0.0,0.9976093083446572,0.0,52.1,389.9636777777778,139.967019925095,1.2694470564524332,0.2046765414454518
llm_comparison_server_4models_30runs,qwen2.5:0.5b,P6_60,value_only_controlled_scale,30,1.0,0.0,1.0,1.0,0.0,0.0,0.18723102464987798,0.057471751697977524,0.8233333333333335,0.22740610281361695,0.48510755738689737,1.0,0.48510755738689737,1.0,53.0,0.0,53.0,0.8833333333333333,0.1166666666666667,1.0,1.0,0.0,0.0,0.0,0.9096244112544678,1.0,1.0,1.0,0.9299524650093435,0.0,0.010477764538246014,0.0,1.0,1.0,1.0,1.0095211632860985,0.003909584266604774,1.0,0.0,1.0,0.0,0.0,136.47333333333333,26.380815186148897,1.2994447628657022,0.3033027837185045
llm_comparison_server_4models_30runs,tinyllama:1.1b,P1_20,epic_grouped_attribute_few_shot,30,0.7666666666666667,0.0,1.0,1.0,0.0,0.0,0.3830213956050727,0.18351546457758228,0.75,0.6053428818715368,0.2702660972318124,0.8133333333333332,0.4569327638984791,0.5666666666666667,5.666666666666667,0.0,5.666666666666667,0.2833333333333333,0.48333333333333334,0.7666666666666667,0.7333333333333333,0.4713715274861478,0.7333333333333333,0.7833333333333333,0.43333333333333335,0.7666666666666667,0.7666666666666667,0.5294830598736214,0.24824799572029493,0.7166666666666667,0.3333333333333333,0.16666666666666666,0.7666666666666667,0.16666666666666666,0.16666666666666666,-1.493142530238642,7.013708225882478,0.0,0.16666666666666666,0.001308278026535591,0.0,,85.31258695652174,130.94075513769457,6.085924251874288,1.9576047743758778
llm_comparison_server_4models_30runs,tinyllama:1.1b,P1_20,harmonic_knn,30,1.0,0.0,1.0,1.0,0.0,0.0,0.3401504400156447,0.1891191960121756,0.9250154192785771,0.3811888748956727,0.22593756374634777,1.0,0.22593756374634777,0.6666666666666666,6.433333333333334,0.0,6.433333333333334,0.32166666666666666,0.6783333333333333,1.0,0.9467437630595525,0.2391458654833582,0.43333333333333335,0.6333333333333333,0.21894296743266584,1.0,1.0,0.3356216000146308,0.0014619883040935717,0.36666666666666664,0.2,0.2,1.0,0.2,0.2,-1.7533203508771937,9.836757871432614,0.0,0.2,-0.0051345704019023905,0.0,,99.47181,120.47175355653121,8.92695787747701,10.747103367220975
llm_comparison_server_4models_30runs,tinyllama:1.1b,P1_20,prompt_only,30,1.0,0.03333333333333333,0.9666666666666667,1.0,0.0,0.0,0.48924195338461635,0.20749002605903574,0.8452592592592593,0.5913878231442631,0.31550482109093353,1.0,0.31550482109093353,0.8333333333333334,13.733333333333333,0.0,13.733333333333333,0.6866666666666668,0.3133333333333333,1.0,0.912962962962963,0.08221795924371884,0.8,0.7833333333333333,0.7,1.0,1.0,0.11201928436373405,0.0,0.45,0.7,0.7,1.0,0.7,0.7,0.2430325814536288,15.771984878091153,0.0,0.7,-0.019093997840326653,0.0,,166.07533333333333,114.67741192152518,3.0853168328603107,6.880050910355389
llm_comparison_server_4models_30runs,tinyllama:1.1b,P1_20,tabgen_icl_residual,30,1.0,0.0,1.0,1.0,0.0,0.0,0.35760186004622535,0.22319896268144257,0.9417777777777778,0.3888378276766583,0.27517520287852076,1.0,0.27517520287852076,0.43333333333333335,4.9,0.0,4.9,0.245,0.755,1.0,0.9538888888888889,0.31254649365696696,0.3333333333333333,0.6833333333333333,0.2261381503829996,1.0,1.0,0.33403414484741634,0.03333333333333333,0.5,0.23333333333333334,0.3,1.0,0.3,0.3,-0.09176313283208111,4.7343339720822994,0.0,0.3,0.0051024821982313005,0.0,,54.45488833333333,58.931126600485904,6.414703353246053,7.644903830116589
llm_comparison_server_4models_30runs,tinyllama:1.1b,P1_20,value_only_controlled_scale,30,1.0,0.0,1.0,1.0,0.0,0.03333333333333333,0.3537821450881152,0.23251532310577383,0.9492569659442724,0.3884003857971466,0.29188989383050323,1.0,0.29188989383050323,0.4666666666666667,4.9,0.0,4.9,0.245,0.755,1.0,0.9912848297213622,0.35360154318858633,0.36666666666666664,0.5666666666666667,0.26666666666666666,1.0,1.0,0.35089290865534634,0.06666666666666667,0.48333333333333334,0.26666666666666666,0.3,1.0,0.3,0.3,-0.949681704260653,6.036789607423363,0.0,0.3,0.06700874610583184,0.0,,85.3245,134.71612497569797,5.565033634503682,9.254524752431802
llm_comparison_server_4models_30runs,tinyllama:1.1b,P2_28,epic_grouped_attribute_few_shot,30,0.8,0.0,1.0,1.0,0.0,0.03333333333333333,0.3322700950943977,0.1956802706193078,0.7624080086580086,0.4423403480199614,0.5058528949057497,0.84,0.5858528949057498,0.6666666666666666,10.133333333333333,0.0,10.133333333333333,0.3619047619047619,0.4380952380952381,0.8,0.7739448051948052,0.525144706315848,0.34074726340311584,0.55,0.3534694223608821,0.8,0.8,0.7417953354533257,0.6335280119039849,0.4,0.5680882322656882,0.03333333333333333,0.8,0.03333333333333333,0.03333333333333333,0.5692215532445424,4.214076911457317,0.06666666666666667,0.26666666666666666,0.19972969159333612,0.0,,118.19833333333332,169.37890499334114,3.9010358730951946,1.6866101405167695
llm_comparison_server_4models_30runs,tinyllama:1.1b,P2_28,harmonic_knn,30,1.0,0.0,1.0,1.0,0.03333333333333333,0.1,0.4912811597123341,0.22054579245733627,0.8980359278402756,0.5366904150382076,0.6392906838291554,1.0,0.6392906838291554,0.7,11.266666666666667,0.0,11.266666666666667,0.4023809523809524,0.5976190476190476,1.0,0.8925605915823307,0.3847067558857044,0.4503519194804669,0.7666666666666667,0.5450363181199922,1.0,1.0,0.6561119866836133,0.7943947663918575,0.35,0.756655982241151,0.1,1.0,0.1,0.1,0.7341336951894427,6.041169756816157,0.2,0.4,0.30793984714965916,0.0,,72.98474444444444,75.42775447641446,9.348148345947266,8.872202324075433
llm_comparison_server_4models_30runs,tinyllama:1.1b,P2_28,prompt_only,30,1.0,0.0,1.0,1.0,0.0,0.0,0.2459693733627434,0.12321104915622678,0.8292138331940964,0.2932606174665046,0.5965408207372718,1.0,0.5965408207372718,1.0,23.233333333333334,0.13333333333333333,23.366666666666667,0.8345238095238094,0.16547619047619044,1.0,0.9805929754942913,0.04107104225778847,0.058891213973845204,1.0,0.07308021363438486,1.0,1.0,0.562457300157305,0.5146215257174706,0.48333333333333334,0.8257511237409783,0.0,1.0,0.0,0.0,1.532868089764644,7.009149558788314,0.03333333333333333,0.8333333333333334,0.060263436094679886,0.0,,147.40317460317462,45.71305098828092,2.016654539108276,3.4194780525380306
llm_comparison_server_4models_30runs,tinyllama:1.1b,P2_28,tabgen_icl_residual,30,1.0,0.0,1.0,1.0,0.0,0.0,0.47470441681909004,0.17514327610527902,0.9163450292397661,0.5132476128738004,0.6099259268354763,1.0,0.6099259268354763,0.6333333333333333,9.566666666666666,0.0,9.566666666666666,0.3416666666666667,0.6583333333333333,1.0,0.923391812865497,0.3120574851285906,0.4756146612970355,0.7,0.5653183050695755,1.0,1.0,0.5595165741750019,0.7268341590105388,0.48333333333333334,0.6700196408230313,0.06666666666666667,1.0,0.06666666666666667,0.06666666666666667,-0.1203938241196862,2.4254170765868794,0.06666666666666667,0.5,0.001391267104401162,0.0,,65.24911626984127,74.50577793709557,11.434864354133605,13.140365906181401
llm_comparison_server_4models_30runs,tinyllama:1.1b,P2_28,value_only_controlled_scale,30,1.0,0.0,1.0,1.0,0.0,0.2,0.5233552158011094,0.09732122050163337,0.9435714285714286,0.5546834815119429,0.6272771044574802,1.0,0.6272771044574802,0.6333333333333333,7.866666666666666,0.0,7.866666666666666,0.28095238095238095,0.719047619047619,1.0,0.9988095238095238,0.4061741350532674,0.5469015059974974,0.8666666666666667,0.3989916183303404,1.0,1.0,0.5945186168551632,0.7769972190508428,0.7166666666666667,0.4209259152572483,0.0,1.0,0.0,0.0,0.7993742017879956,1.5432611968162722,0.2,0.2,0.26281206143553587,0.0,,72.54448412698413,51.275418507337285,4.4742210626602175,6.705129379346586
llm_comparison_server_4models_30runs,tinyllama:1.1b,P3_28,epic_grouped_attribute_few_shot,30,0.8333333333333334,0.0,1.0,1.0,0.0,0.2,0.35647524235409417,0.255203461444833,0.7833712121212121,0.3907919254384536,0.5164666358947322,0.8666666666666667,0.5164666358947322,0.6666666666666666,10.8,0.0,10.8,0.38571428571428573,0.44761904761904764,0.8333333333333334,0.8025703463203463,0.38476954055029583,0.3458611007801281,0.36666666666666664,0.46587039375672373,0.8333333333333334,0.8333333333333334,0.5866666666666666,0.5806607324389954,0.36666666666666664,0.5318724778065997,0.0,0.8333333333333334,0.26666666666666666,0.26666666666666666,1.8927071871660548,6.939108477994239,0.26666666666666666,0.0,0.4761454427432205,0.0,3.2,125.33509948979592,159.77497563312417,6.066223875681559,5.762877261153422
llm_comparison_server_4models_30runs,tinyllama:1.1b,P3_28,harmonic_knn,30,1.0,0.0,1.0,1.0,0.03333333333333333,0.13333333333333333,0.3416054733155923,0.21730141707224887,0.9001673009271048,0.3721588136517084,0.6168256651286882,1.0,0.6168256651286882,0.8,12.1,0.0,12.1,0.4321428571428571,0.5678571428571428,1.0,0.9329793617783814,0.23461524546418158,0.39549390650856636,0.36666666666666664,0.4918594359674187,1.0,1.0,0.5858198889747162,0.6437294548180607,0.5,0.7377533167219761,0.0,1.0,0.36666666666666664,0.36666666666666664,3.130504560777057,8.137969068969298,0.36666666666666664,0.0,0.38951111287602963,0.03333333333333333,3.2666666666666666,104.22652749433107,114.8876603151447,7.628165086110433,6.8307101084028865
llm_comparison_server_4models_30runs,tinyllama:1.1b,P3_28,prompt_only,30,1.0,0.4666666666666667,0.5333333333333333,1.0,0.0,0.0,0.23138801089106814,0.08900479845250647,0.8342374292374293,0.27422196486361494,0.27258363872130753,1.0,0.27258363872130753,0.9333333333333333,21.3,0.0,21.3,0.7607142857142858,0.23928571428571427,1.0,0.9319014319014319,0.9033333333333334,0.08845307878913101,0.0,0.10510144733199553,1.0,1.0,0.8666666666666667,0.10363606330285782,0.03333333333333333,0.08669849158237207,0.0,1.0,0.8666666666666667,0.8666666666666667,17.916241387998365,9.099435154792404,0.8666666666666667,0.0,0.8356048984452055,0.0,20.933333333333334,364.81196145124716,198.29123689206529,2.7858575344085694,7.741846805360563
llm_comparison_server_4models_30runs,tinyllama:1.1b,P3_28,tabgen_icl_residual,30,0.9666666666666667,0.0,0.9666666666666667,0.9666666666666667,0.0,0.06666666666666667,0.37091409146883214,0.2289454880532423,0.8777053140096618,0.4001444384743734,0.6048076431077859,0.9733333333333333,0.6048076431077859,0.6333333333333333,11.766666666666667,0.0,11.766666666666667,0.42023809523809524,0.5464285714285714,0.9666666666666667,0.9087646652864044,0.496254417664041,0.40997524423222437,0.16666666666666666,0.5276814253345617,0.9666666666666667,0.9666666666666667,0.8066666666666666,0.6487377295605694,0.3333333333333333,0.630492842870574,0.0,0.9666666666666667,0.4666666666666667,0.4666666666666667,2.381502276785995,3.107676573058741,0.4666666666666667,0.0,0.5737962832897227,0.06666666666666667,1.5517241379310345,95.07957087145203,91.99443268310785,8.454202906290691,8.695442013315786
llm_comparison_server_4models_30runs,tinyllama:1.1b,P3_28,value_only_controlled_scale,30,1.0,0.0,1.0,1.0,0.0,0.0,0.2411523564207318,0.08118061365358123,0.897965367965368,0.26628562828349017,0.5822042071189714,1.0,0.5822042071189714,0.7,14.033333333333333,0.0,14.033333333333333,0.5011904761904762,0.49880952380952387,1.0,0.991017316017316,0.126231952361933,0.17768066089190399,0.13333333333333333,0.6278965665467904,1.0,1.0,0.7533333333333334,0.7969666461435546,0.13333333333333333,0.645183515665664,0.03333333333333333,1.0,0.5666666666666667,0.5666666666666667,0.7092153847490473,2.635896502684741,0.5666666666666667,0.0,0.4886145391940283,0.06666666666666667,0.6666666666666666,97.38622448979592,46.66631722978829,4.85076334476471,9.049219156980515
llm_comparison_server_4models_30runs,tinyllama:1.1b,P4_30,epic_grouped_attribute_few_shot,30,0.8,0.0,1.0,1.0,0.0,0.03333333333333333,0.33478200297060695,0.20263458283559765,0.7656740698914611,0.45243293395166373,0.3907448904716443,0.84,0.4707448904716443,0.6333333333333333,10.633333333333333,0.0,10.633333333333333,0.35444444444444445,0.4455555555555556,0.8,0.7828147939017503,0.08035251095520116,0.6469485965662689,0.6833333333333333,0.39909729495185164,0.8,0.8,0.3571266131495172,0.4478680998562448,0.55,0.5279848488808151,0.6666666666666666,0.8,0.6666666666666666,0.6666666666666666,-2.3093192436040066,1.9472423435032027,0.0,0.0,0.26932116991247385,0.0,,72.746,114.50665247274013,7.969913212458293,10.833193876200482
llm_comparison_server_4models_30runs,tinyllama:1.1b,P4_30,harmonic_knn,30,1.0,0.0,1.0,1.0,0.0,0.0,0.3136145398549474,0.180880265882772,0.8843468098350452,0.35699770235113354,0.37141013833637904,1.0,0.37141013833637904,0.8,13.1,0.0,13.1,0.43666666666666665,0.5633333333333332,1.0,0.8584007158418923,0.06776564377099348,0.47346621271586464,0.5,0.3867589529176761,1.0,1.0,0.4720694214614587,0.13434113665102207,0.2833333333333333,0.5958966618997023,0.8333333333333334,1.0,0.8333333333333334,0.8333333333333334,-1.892323643554569,3.2592617534282793,0.0,0.0,0.045825042207294546,0.0,,53.31596666666667,104.52923997441839,12.370521561304729,13.918489499708755
llm_comparison_server_4models_30runs,tinyllama:1.1b,P4_30,prompt_only,30,1.0,0.06666666666666667,0.9333333333333333,1.0,0.0,0.6666666666666666,0.3709564966043592,0.2256387917361053,0.8238821548821548,0.4494617473437736,0.5576128100976285,1.0,0.5576128100976285,0.7666666666666667,18.333333333333332,0.2,18.533333333333335,0.6177777777777779,0.38222222222222224,1.0,0.7371885521885522,0.17091515905766602,0.7930988979311587,0.7333333333333333,0.10049959905293629,1.0,1.0,0.5745392063396896,0.5048094425905327,0.6833333333333333,0.46776925812695835,1.0,1.0,1.0,1.0,-3.4827641824249236,2.8597416875380253,0.0,0.0,0.045974760947083575,0.0,,88.11527777777778,149.00299405498075,8.985437901814779,14.339571711309802
llm_comparison_server_4models_30runs,tinyllama:1.1b,P4_30,tabgen_icl_residual,30,0.9666666666666667,0.0,0.9666666666666667,0.9666666666666667,0.0,0.03333333333333333,0.3377648141694514,0.1716942053565835,0.8968665141113654,0.3884683890728188,0.3902273413643866,0.9733333333333333,0.4035606746977199,0.6333333333333333,10.633333333333333,0.0,10.633333333333333,0.35444444444444445,0.6122222222222222,0.9666666666666667,0.9387770150012713,0.03824735085848112,0.40203170290208035,0.7166666666666667,0.39692783586404684,0.9666666666666667,0.9666666666666667,0.40755462523275493,0.2469015808108941,0.48333333333333334,0.47645315941389715,0.5666666666666667,0.9666666666666667,0.5666666666666667,0.5666666666666667,-0.6505804848171298,3.43520522596942,0.0,0.0,0.22465359594119924,0.0,,56.42468214039352,59.915106640435376,9.827754386266072,11.25840827033131
llm_comparison_server_4models_30runs,tinyllama:1.1b,P4_30,value_only_controlled_scale,30,0.9666666666666667,0.0,1.0,1.0,0.0,0.0,0.2034293431576902,0.25029317541707397,0.9046324786324786,0.24616563093179494,0.25335726616957305,0.9733333333333333,0.26669059950290636,0.7333333333333333,10.2,0.0,10.2,0.33999999999999997,0.6266666666666667,0.9666666666666667,0.9631623931623932,0.20997738175254688,0.23333333333333334,0.43333333333333335,0.10801847530796625,0.9666666666666667,0.9666666666666667,0.3615174429662167,0.21058756643183785,0.35,0.14465738861357086,0.7,0.9666666666666667,0.7,0.7,0.4434728242108063,9.59040953840523,0.0,0.0,0.16284384122383583,0.0,,135.39206896551724,194.21565250550103,4.772556114196777,6.055237781706438
llm_comparison_server_4models_30runs,tinyllama:1.1b,P5_60,epic_grouped_attribute_few_shot,30,0.9,0.0,1.0,1.0,0.0,0.0,0.3376409598010523,0.20081636706832903,0.7967218771566598,0.4298092214193475,0.5548603273872479,0.92,0.5948603273872479,0.8333333333333334,36.333333333333336,0.0,36.333333333333336,0.6055555555555556,0.29444444444444445,0.9,0.8891649413388544,0.4189869086156615,0.40213727347510336,0.5833333333333334,0.31477937025329195,0.9,0.9,0.7937082294681707,0.7311827157235035,0.26666666666666666,0.5878836976906509,0.26666666666666666,0.9,0.26666666666666666,0.26666666666666666,-0.4337144234166569,1.678014697494552,0.3333333333333333,0.6,0.5146147373909157,0.0,,138.44632569077015,217.0911221298203,7.753358213106791,10.997462670478424
llm_comparison_server_4models_30runs,tinyllama:1.1b,P5_60,harmonic_knn,30,1.0,0.0,1.0,1.0,0.0,0.0,0.348499135053512,0.17120249634300996,0.8400888962084615,0.4107251115864702,0.6344723819689659,1.0,0.6344723819689659,1.0,44.833333333333336,0.0,44.833333333333336,0.7472222222222222,0.25277777777777777,1.0,0.9476667032645293,0.3257589927016075,0.3548695182310366,0.6833333333333333,0.2789386020799033,1.0,1.0,0.8424470538761817,0.7799052973657162,0.1,0.8155371766339657,0.3333333333333333,1.0,0.3333333333333333,0.3333333333333333,0.022837417205361324,0.10884201921586495,0.3333333333333333,0.9666666666666667,0.44403705007408834,0.0,,32.30323552221819,30.851396503333422,7.726700973510742,5.987373370776058
llm_comparison_server_4models_30runs,tinyllama:1.1b,P5_60,prompt_only,30,1.0,0.0,1.0,1.0,0.0,0.0,0.20315336567450445,0.0642305258216613,0.8086854990583804,0.2500759172394701,0.5304563371433854,1.0,0.5304563371433854,1.0,54.733333333333334,0.0,54.733333333333334,0.9122222222222223,0.08777777777777776,1.0,0.9556497175141243,0.012406879814287267,0.017582348470093708,0.9333333333333333,0.03698110734016606,1.0,1.0,0.7083431804820545,0.27794951046930055,0.4666666666666667,0.6688659909555192,0.0,1.0,0.0,0.0,0.5408350313358645,2.513492561864194,0.0,0.9,0.06849133237098651,0.0,,158.67560185185184,37.85220772870256,2.6197287877400717,8.390085143535973
llm_comparison_server_4models_30runs,tinyllama:1.1b,P5_60,tabgen_icl_residual,30,0.9666666666666667,0.0,1.0,1.0,0.0,0.0,0.4037113096806952,0.18442707403099018,0.8413136526651019,0.47979507923236764,0.6380803022178642,0.9733333333333333,0.6514136355511975,0.9,36.0,0.0,36.0,0.6,0.36666666666666664,0.9666666666666667,0.9065682633255097,0.4335420165107328,0.44293066942257436,0.6,0.44270763099616345,0.9666666666666667,0.9666666666666667,0.9061330939989213,0.8079598450585425,0.13333333333333333,0.7582282698139928,0.3333333333333333,0.9666666666666667,0.3333333333333333,0.3333333333333333,0.014725643001544931,0.19898197846049187,0.43333333333333335,0.8333333333333334,0.5125335147291893,0.0,,64.01490763546798,81.90159187842403,6.965656963984172,4.841066927783597
llm_comparison_server_4models_30runs,tinyllama:1.1b,P5_60,value_only_controlled_scale,30,1.0,0.0,1.0,1.0,0.0,0.0,0.3814408951403125,0.1633578139135156,0.8721111111111112,0.4323817594146958,0.6701890930177381,1.0,0.6701890930177381,0.9333333333333333,38.36666666666667,0.0,38.36666666666667,0.6394444444444445,0.3605555555555556,1.0,1.0,0.26085416393912264,0.2441230737775955,0.8166666666666667,0.40788313327539844,1.0,1.0,0.874483410001368,0.8136131253930208,0.48333333333333334,0.5093265033432303,0.5333333333333333,1.0,0.5333333333333333,0.5333333333333333,0.13343760281736022,0.44990041953958837,0.5333333333333333,0.8,0.543514198933098,0.0,,79.2771130952381,50.98800119280656,2.993250330289205,1.7510890493098727
llm_comparison_server_4models_30runs,tinyllama:1.1b,P6_60,epic_grouped_attribute_few_shot,30,0.9,0.0,1.0,1.0,0.0,0.16666666666666666,0.4553773073261006,0.20764527088260565,0.8178701737451738,0.5126271826020576,0.6022447105643576,0.92,0.6022447105643576,0.7,28.566666666666666,0.0,28.566666666666666,0.4761111111111111,0.42388888888888887,0.9,0.8654619798369798,0.309342019454159,0.49314363761075003,0.41111111111111115,0.8369119622322103,0.9,0.9,0.5845442807195552,0.631031673369227,0.4222222222222222,0.7711806659464258,0.0,0.9,0.3,0.3,4.6434792049819835,6.876449812318106,0.3,0.0,0.4587367684436952,0.06666666666666667,20.77777777777778,256.55640461493243,245.80739823191948,8.385642480850219,9.87153893059351
llm_comparison_server_4models_30runs,tinyllama:1.1b,P6_60,harmonic_knn,30,1.0,0.0,1.0,1.0,0.0,0.03333333333333333,0.3641830398068521,0.1613605035477832,0.8478814431578658,0.4263348242405817,0.5339558999658122,1.0,0.5339558999658122,0.9666666666666667,44.63333333333333,0.0,44.63333333333333,0.7438888888888889,0.2561111111111111,1.0,0.9832961046782186,0.4473783020783053,0.2768314947450658,0.055555555555555566,0.9255739445834001,1.0,1.0,0.9261904761904762,0.4958783207617543,0.24444444444444446,0.46931035846657354,0.0,1.0,0.8,0.8,1.722302965929368,2.7637272217938778,0.8,0.0,0.8324077391433018,0.0,4.1,66.26143215112434,40.067338002442746,8.174640123049418,8.639548847039329
llm_comparison_server_4models_30runs,tinyllama:1.1b,P6_60,prompt_only,30,1.0,0.3333333333333333,0.6666666666666666,1.0,0.0,0.0,0.22353164020708952,0.042533351898379784,0.8217063492063492,0.27091303809665046,0.45300046086437123,1.0,0.45300046086437123,0.9666666666666667,50.9,0.0,50.9,0.8483333333333333,0.15166666666666667,1.0,0.9568650793650794,0.8485840700321122,0.023627826438021995,0.011111111111111112,0.20032914480535646,1.0,1.0,0.8829685401464247,0.19085126192155294,0.13333333333333333,0.604848708056174,0.0,1.0,0.8666666666666667,0.8666666666666667,13.441502008935466,6.664288613273691,0.8666666666666667,0.0,0.8839424333413534,0.0,47.93333333333333,573.0579285714285,284.6507389897751,3.4546926418940225,7.115617610558885
llm_comparison_server_4models_30runs,tinyllama:1.1b,P6_60,tabgen_icl_residual,30,1.0,0.0,1.0,1.0,0.0,0.03333333333333333,0.4057510163721585,0.16612403014161206,0.8602393162393163,0.4682924920042252,0.5500845451923175,1.0,0.5500845451923175,0.8666666666666667,37.86666666666667,0.0,37.86666666666667,0.6311111111111111,0.3688888888888889,1.0,0.9323076923076923,0.3988516474022253,0.36468016263513037,0.2111111111111111,0.8985270468684341,1.0,1.0,0.7593520048951942,0.5302187138797513,0.3111111111111111,0.5996563508832135,0.0,1.0,0.6333333333333333,0.6333333333333333,3.074082890088517,4.7599014583225685,0.6333333333333333,0.0,0.6076932342387767,0.0,11.566666666666666,138.673083994709,96.75136020602896,10.754198034604391,12.131845804177976
llm_comparison_server_4models_30runs,tinyllama:1.1b,P6_60,value_only_controlled_scale,30,1.0,0.0,1.0,1.0,0.0,0.0,0.3221785402789691,0.16136525557252568,0.8664444444444446,0.3630941306756067,0.5374421436291027,1.0,0.5374421436291027,0.9,40.03333333333333,0.0,40.03333333333333,0.6672222222222222,0.3327777777777778,1.0,0.9994444444444445,0.1456712151367805,0.20081912060538812,0.11111111111111112,0.994775075849147,1.0,1.0,0.8455124849780503,0.8110752192261612,0.1,0.39318087031219956,0.0,1.0,0.6666666666666666,0.6666666666666666,1.162242944311188,1.0561760700799272,0.6666666666666666,0.0,0.7288357530812833,0.03333333333333333,1.9,119.66741128117914,37.57933027670173,2.9421948353449503,1.8127505356308267
